1981916,13547,salmovirus wfrc1
1955197,17174,biratnagar virus
1937789,18532,black currant leaf chlorosis associated virus
1932881,19323,pacmanvirus a23
1923767,20902,xinzhou bunya-like virus 2
1923766,20903,xinzhou bunya-like virus 1
1923747,20922,wuhan pillworm virus 4
1923712,20957,wuhan house centipede virus 8
1923711,20958,wuhan house centipede virus 7
1923681,20988,wenzhou toti-like virus 2
1923666,21003,wenzhou tombus-like virus 13
1923645,21024,wenzhou picorna-like virus 8
1923638,21031,wenzhou picorna-like virus 50
1923624,21045,wenzhou picorna-like virus 38
1923620,21049,wenzhou picorna-like virus 34
1923616,21053,wenzhou picorna-like virus 30
1923592,21077,wenzhou partiti-like virus 1
1923591,21078,wenzhou noda-like virus 7
1923590,21079,wenzhou noda-like virus 6
1923589,21080,wenzhou noda-like virus 5
1923588,21081,wenzhou noda-like virus 4
1923587,21082,wenzhou noda-like virus 3
1923586,21083,wenzhou noda-like virus 2
1923585,21084,wenzhou noda-like virus 1
1923581,21088,wenzhou narna-like virus 6
1923576,21093,wenzhou narna-like virus 11
1923575,21094,wenzhou narna-like virus 10
1923574,21095,wenzhou narna-like virus 1
1923573,21096,wenzhou levi-like virus 7
1923572,21097,wenzhou levi-like virus 6
1923571,21098,wenzhou levi-like virus 5
1923570,21099,wenzhou levi-like virus 4
1923569,21100,wenzhou levi-like virus 3
1923568,21101,wenzhou levi-like virus 2
1923567,21102,wenzhou levi-like virus 1
1923560,21109,wenzhou channeled applesnail virus 4
1923556,21113,wenzhou bunya-like virus 1
1923552,21117,wenzhou nido-like virus 1
1923550,21119,wenling toti-like virus 3
1923548,21121,wenling toti-like virus 1
1923539,21130,wenling reo-like virus 2
1923538,21131,wenling reo-like virus 1
1923528,21141,wenling picobirna-like virus 1
1923527,21142,wenling partiti-like virus 9
1923526,21143,wenling partiti-like virus 8
1923525,21144,wenling partiti-like virus 7
1923524,21145,wenling partiti-like virus 6
1923523,21146,wenling partiti-like virus 5
1923522,21147,wenling partiti-like virus 4
1923521,21148,wenling partiti-like virus 3
1923520,21149,wenling partiti-like virus 2
1923519,21150,wenling partiti-like virus 13
1923518,21151,wenling partiti-like virus 12
1923517,21152,wenling partiti-like virus 11
1923516,21153,wenling partiti-like virus 10
1923515,21154,wenling partiti-like virus 1
1923514,21155,wenling noda-like virus 4
1923513,21156,wenling noda-like virus 3
1923512,21157,wenling noda-like virus 2
1923511,21158,wenling noda-like virus 1
1923508,21161,wenling narna-like virus 8
1923506,21163,wenling narna-like virus 6
1923500,21169,wenling levi-like virus 4
1923499,21170,wenling levi-like virus 3
1923498,21171,wenling levi-like virus 2
1923497,21172,wenling levi-like virus 1
1923473,21196,shuangao permutotetra-like virus 1
1923472,21197,shuangao partiti-like virus 1
1923471,21198,shuangao noda-like virus 1
1923465,21204,shuangao chryso-like virus 1
1923462,21207,shayang noda-like virus 1
1923461,21208,shayang bunya-like virus 1
1923458,21211,shangao tombus-like virus 1
1923438,21231,shahe picobirna-like virus 2
1923437,21232,shahe picobirna-like virus 1
1923436,21233,shahe partiti-like virus 1
1923434,21235,shahe narna-like virus 6
1923432,21237,shahe narna-like virus 4
1923428,21241,shahe levi-like virus 3
1923427,21242,shahe levi-like virus 2
1923426,21243,shahe levi-like virus 1
1923413,21256,shahe bunya-like virus 4
1923412,21257,shahe bunya-like virus 3
1923411,21258,shahe bunya-like virus 2
1923410,21259,shahe bunya-like virus 1
1923402,21267,sanxia water strider virus 18
1923396,21273,sanxia water strider virus 12
1923395,21274,sanxia water strider virus 11
1923379,21290,sanxia reo-like virus 1
1923376,21293,sanxia picorna-like virus 7
1923375,21294,sanxia picorna-like virus 6
1923364,21305,sanxia partiti-like virus 2
1923363,21306,sanxia partiti-like virus 1
1923362,21307,sanxia noda-like virus 1
1923361,21308,sanxia narna-like virus 2
1923359,21310,sanxia levi-like virus 1
1923352,21317,jingmen toti-like virus 1
1923349,21320,jingmen picobirna-like virus 1
1923348,21321,jingmen bunya-like virus 1
1923347,21322,jingmen birna-like virus
1923339,21330,hubei virga-like virus 4
1923337,21332,hubei virga-like virus 22
1923334,21335,hubei virga-like virus 19
1923329,21340,hubei virga-like virus 14
1923328,21341,hubei virga-like virus 13
1923325,21344,hubei virga-like virus 10
1923319,21350,hubei toti-like virus 8
1923318,21351,hubei toti-like virus 7
1923317,21352,hubei toti-like virus 6
1923315,21354,hubei toti-like virus 4
1923314,21355,hubei toti-like virus 3
1923312,21357,hubei toti-like virus 23
1923311,21358,hubei toti-like virus 22
1923302,21367,hubei toti-like virus 14
1923299,21370,hubei toti-like virus 11
1923297,21372,hubei toti-like virus 1
1923283,21386,hubei tombus-like virus 35
1923227,21442,hubei sobemo-like virus 4
1923226,21443,hubei sobemo-like virus 39
1923207,21462,hubei sobemo-like virus 21
1923202,21467,hubei sobemo-like virus 17
1923192,21477,hubei rhabdo-like virus 8
1923190,21479,hubei rhabdo-like virus 6
1923189,21480,hubei rhabdo-like virus 5
1923184,21485,hubei reo-like virus 9
1923183,21486,hubei reo-like virus 8
1923182,21487,hubei reo-like virus 7
1923181,21488,hubei reo-like virus 6
1923180,21489,hubei reo-like virus 5
1923179,21490,hubei reo-like virus 4
1923178,21491,hubei reo-like virus 3
1923177,21492,hubei reo-like virus 2
1923176,21493,hubei reo-like virus 14
1923175,21494,hubei reo-like virus 12
1923174,21495,hubei reo-like virus 11
1923173,21496,hubei reo-like virus 10
1923172,21497,hubei reo-like virus 1
1923171,21498,hubei qinvirus-like virus 2
1923139,21530,hubei picorna-like virus 57
1923103,21566,hubei picorna-like virus 23
1923098,21571,hubei picorna-like virus 19
1923087,21582,hubei picobirna-like virus 4
1923086,21583,hubei picobirna-like virus 3
1923085,21584,hubei picobirna-like virus 2
1923084,21585,hubei picobirna-like virus 1
1923072,21597,hubei partiti-like virus 9
1923071,21598,hubei partiti-like virus 8
1923070,21599,hubei partiti-like virus 7
1923069,21600,hubei partiti-like virus 6
1923068,21601,hubei partiti-like virus 59
1923067,21602,hubei partiti-like virus 58
1923066,21603,hubei partiti-like virus 57
1923065,21604,hubei partiti-like virus 56
1923064,21605,hubei partiti-like virus 55
1923063,21606,hubei partiti-like virus 54
1923062,21607,hubei partiti-like virus 53
1923061,21608,hubei partiti-like virus 52
1923060,21609,hubei partiti-like virus 51
1923059,21610,hubei partiti-like virus 50
1923058,21611,hubei partiti-like virus 5
1923057,21612,hubei partiti-like virus 49
1923056,21613,hubei partiti-like virus 48
1923055,21614,hubei partiti-like virus 47
1923054,21615,hubei partiti-like virus 46
1923053,21616,hubei partiti-like virus 45
1923052,21617,hubei partiti-like virus 44
1923051,21618,hubei partiti-like virus 43
1923050,21619,hubei partiti-like virus 42
1923049,21620,hubei partiti-like virus 41
1923048,21621,hubei partiti-like virus 40
1923047,21622,hubei partiti-like virus 4
1923046,21623,hubei partiti-like virus 39
1923045,21624,hubei partiti-like virus 38
1923044,21625,hubei partiti-like virus 37
1923043,21626,hubei partiti-like virus 36
1923042,21627,hubei partiti-like virus 35
1923041,21628,hubei partiti-like virus 34
1923040,21629,hubei partiti-like virus 33
1923039,21630,hubei partiti-like virus 32
1923038,21631,hubei partiti-like virus 31
1923037,21632,hubei partiti-like virus 3
1923036,21633,hubei partiti-like virus 29
1923035,21634,hubei partiti-like virus 28
1923034,21635,hubei partiti-like virus 27
1923033,21636,hubei partiti-like virus 26
1923032,21637,hubei partiti-like virus 25
1923031,21638,hubei partiti-like virus 24
1923030,21639,hubei partiti-like virus 23
1923029,21640,hubei partiti-like virus 22
1923028,21641,hubei partiti-like virus 21
1923027,21642,hubei partiti-like virus 20
1923026,21643,hubei partiti-like virus 2
1923025,21644,hubei partiti-like virus 19
1923024,21645,hubei partiti-like virus 18
1923023,21646,hubei partiti-like virus 17
1923022,21647,hubei partiti-like virus 16
1923021,21648,hubei partiti-like virus 15
1923020,21649,hubei partiti-like virus 14
1923019,21650,hubei partiti-like virus 13
1923018,21651,hubei partiti-like virus 12
1923016,21653,hubei partiti-like virus 10
1923015,21654,hubei partiti-like virus 1
1923008,21661,hubei orthomyxo-like virus 5
1923007,21662,hubei orthomyxo-like virus 4
1923006,21663,hubei orthomyxo-like virus 2
1923005,21664,hubei orthomyxo-like virus 1
1922996,21673,hubei odonate virus 15
1922995,21674,hubei odonate virus 14
1922994,21675,hubei odonate virus 13
1922987,21682,hubei noda-like virus 7
1922986,21683,hubei noda-like virus 6
1922985,21684,hubei noda-like virus 5
1922984,21685,hubei noda-like virus 4
1922983,21686,hubei noda-like virus 3
1922982,21687,hubei noda-like virus 26
1922981,21688,hubei noda-like virus 25
1922980,21689,hubei noda-like virus 24
1922979,21690,hubei noda-like virus 23
1922978,21691,hubei noda-like virus 22
1922977,21692,hubei noda-like virus 21
1922976,21693,hubei noda-like virus 20
1922975,21694,hubei noda-like virus 2
1922974,21695,hubei noda-like virus 19
1922973,21696,hubei noda-like virus 18
1922971,21698,hubei noda-like virus 15
1922970,21699,hubei noda-like virus 14
1922969,21700,hubei noda-like virus 13
1922968,21701,hubei noda-like virus 12
1922967,21702,hubei noda-like virus 11
1922966,21703,hubei noda-like virus 10
1922965,21704,hubei noda-like virus 1
1922964,21705,hubei negev-like virus 2
1922963,21706,hubei negev-like virus 1
1922961,21708,hubei narna-like virus 8
1922951,21718,hubei narna-like virus 20
1922946,21723,hubei narna-like virus 16
1922944,21725,hubei narna-like virus 14
1922940,21729,hubei narna-like virus 10
1922939,21730,hubei narna-like virus 1
1922924,21745,hubei macula-like virus 3
1922921,21748,hubei levi-like virus 9
1922920,21749,hubei levi-like virus 8
1922919,21750,hubei levi-like virus 7
1922918,21751,hubei levi-like virus 6
1922917,21752,hubei levi-like virus 5
1922916,21753,hubei levi-like virus 4
1922915,21754,hubei levi-like virus 3
1922914,21755,hubei levi-like virus 2
1922913,21756,hubei levi-like virus 14
1922912,21757,hubei levi-like virus 13
1922911,21758,hubei levi-like virus 12
1922910,21759,hubei levi-like virus 11
1922909,21760,hubei levi-like virus 10
1922908,21761,hubei levi-like virus 1
1922891,21778,hubei earwig virus 2
1922890,21779,hubei earwig virus 1
1922869,21800,hubei dimarhabdovirus virus 4
1922859,21810,hubei chuvirus-like virus 4
1922856,21813,hubei chryso-like virus 2
1922855,21814,hubei chryso-like virus 1
1922854,21815,hubei bunya-like virus 9
1922853,21816,hubei bunya-like virus 8
1922852,21817,hubei bunya-like virus 7
1922851,21818,hubei bunya-like virus 6
1922850,21819,hubei bunya-like virus 5
1922849,21820,hubei bunya-like virus 4
1922848,21821,hubei bunya-like virus 3
1922847,21822,hubei bunya-like virus 2
1922846,21823,hubei bunya-like virus 13
1922845,21824,hubei bunya-like virus 12
1922844,21825,hubei bunya-like virus 11
1922843,21826,hubei bunya-like virus 10
1922842,21827,hubei bunya-like virus 1
1922841,21828,hubei blood fluke virus 3
1922840,21829,hubei blood fluke virus 2
1922839,21830,hubei blood fluke virus 1
1922838,21831,hubei birna-like virus
1922834,21835,hubei alphaflexi-like virus
1922831,21838,hubei beny-like virus 1
1922825,21844,changping bunya-like virus 1
1922806,21863,changjiang tombus-like virus 13
1922790,21879,changjiang picorna-like virus 17
1922781,21888,changjiang partiti-like virus 1
1922780,21889,changjiang narna-like virus 5
1922775,21894,changjiang levi-like virus 3
1922774,21895,changjiang levi-like virus 2
1922773,21896,changjiang levi-like virus 1
1922763,21906,changjiang jingmen-like virus
1922747,21922,beihai weivirus-like virus 19
1922739,21930,beihai weivirus-like virus 10
1922735,21934,beihai toti-like virus 5
1922733,21936,beihai toti-like virus 3
1922732,21937,beihai toti-like virus 2
1922731,21938,beihai toti-like virus 1
1922727,21942,beihai tombus-like virus 6
1922679,21990,beihai sipunculid worm virus 7
1922653,22016,beihai rhabdo-like virus 3
1922650,22019,beihai reo-like virus 2
1922649,22020,beihai reo-like virus 1
1922643,22026,beihai picorna-like virus 98
1922642,22027,beihai picorna-like virus 97
1922640,22029,beihai picorna-like virus 95
1922635,22034,beihai picorna-like virus 88
1922625,22044,beihai picorna-like virus 78
1922623,22046,beihai picorna-like virus 76
1922581,22088,beihai picorna-like virus 38
1922580,22089,beihai picorna-like virus 37
1922579,22090,beihai picorna-like virus 36
1922577,22092,beihai picorna-like virus 34
1922574,22095,beihai picorna-like virus 31
1922572,22097,beihai picorna-like virus 29
1922568,22101,beihai picorna-like virus 25
1922565,22104,beihai picorna-like virus 22
1922555,22114,beihai picorna-like virus 13
1922537,22132,beihai picorna-like virus 109
1922526,22143,beihai picobirna-like virus 9
1922523,22146,beihai picobirna-like virus 6
1922522,22147,beihai picobirna-like virus 5
1922521,22148,beihai picobirna-like virus 4
1922520,22149,beihai picobirna-like virus 3
1922519,22150,beihai picobirna-like virus 2
1922518,22151,beihai picobirna-like virus 13
1922517,22152,beihai picobirna-like virus 12
1922516,22153,beihai picobirna-like virus 11
1922515,22154,beihai picobirna-like virus 10
1922514,22155,beihai picobirna-like virus 1
1922512,22157,beihai permutotetra-like virus 1
1922511,22158,beihai partiti-like virus 9
1922510,22159,beihai partiti-like virus 8
1922509,22160,beihai partiti-like virus 7
1922508,22161,beihai partiti-like virus 6
1922507,22162,beihai partiti-like virus 5
1922506,22163,beihai partiti-like virus 4
1922505,22164,beihai partiti-like virus 3
1922503,22166,beihai partiti-like virus 11
1922502,22167,beihai partiti-like virus 10
1922501,22168,beihai partiti-like virus 1
1922495,22174,beihai orthomyxo-like virus 2
1922494,22175,beihai orthomyxo-like virus 1
1922491,22178,beihai noda-like virus 9
1922490,22179,beihai noda-like virus 8
1922489,22180,beihai noda-like virus 7
1922488,22181,beihai noda-like virus 6
1922486,22183,beihai noda-like virus 4
1922485,22184,beihai noda-like virus 30
1922484,22185,beihai noda-like virus 3
1922482,22187,beihai noda-like virus 28
1922481,22188,beihai noda-like virus 27
1922480,22189,beihai noda-like virus 26
1922479,22190,beihai noda-like virus 25
1922478,22191,beihai noda-like virus 24
1922477,22192,beihai noda-like virus 23
1922476,22193,beihai noda-like virus 22
1922475,22194,beihai noda-like virus 21
1922474,22195,beihai noda-like virus 20
1922473,22196,beihai noda-like virus 2
1922472,22197,beihai noda-like virus 19
1922470,22199,beihai noda-like virus 17
1922469,22200,beihai noda-like virus 16
1922468,22201,beihai noda-like virus 15
1922467,22202,beihai noda-like virus 14
1922466,22203,beihai noda-like virus 13
1922465,22204,beihai noda-like virus 12
1922463,22206,beihai noda-like virus 10
1922462,22207,beihai noda-like virus 1
1922459,22210,beihai narna-like virus 7
1922457,22212,beihai narna-like virus 5
1922453,22216,beihai narna-like virus 25
1922427,22242,beihai levi-like virus 9
1922426,22243,beihai levi-like virus 8
1922425,22244,beihai levi-like virus 7
1922424,22245,beihai levi-like virus 6
1922423,22246,beihai levi-like virus 5
1922422,22247,beihai levi-like virus 4
1922421,22248,beihai levi-like virus 35
1922420,22249,beihai levi-like virus 34
1922419,22250,beihai levi-like virus 33
1922418,22251,beihai levi-like virus 32
1922417,22252,beihai levi-like virus 30
1922416,22253,beihai levi-like virus 3
1922415,22254,beihai levi-like virus 29
1922414,22255,beihai levi-like virus 28
1922413,22256,beihai levi-like virus 27
1922412,22257,beihai levi-like virus 26
1922411,22258,beihai levi-like virus 25
1922410,22259,beihai levi-like virus 24
1922409,22260,beihai levi-like virus 23
1922408,22261,beihai levi-like virus 22
1922407,22262,beihai levi-like virus 21
1922406,22263,beihai levi-like virus 20
1922405,22264,beihai levi-like virus 2
1922404,22265,beihai levi-like virus 19
1922403,22266,beihai levi-like virus 18
1922402,22267,beihai levi-like virus 17
1922401,22268,beihai levi-like virus 16
1922400,22269,beihai levi-like virus 15
1922399,22270,beihai levi-like virus 14
1922398,22271,beihai levi-like virus 13
1922397,22272,beihai levi-like virus 12
1922396,22273,beihai levi-like virus 11
1922395,22274,beihai levi-like virus 10
1922394,22275,beihai levi-like virus 1
1922384,22285,beihai hepe-like virus 7
1922383,22286,beihai hepe-like virus 2
1922382,22287,beihai hepe-like virus 11
1922380,22289,beihai hepe-like virus 1
1922375,22294,beihai bunya-like virus 5
1922374,22295,beihai bunya-like virus 4
1922373,22296,beihai bunya-like virus 3
1922372,22297,beihai bunya-like virus 2
1922371,22298,beihai bunya-like virus 1
1922364,22305,beihai barnacle virus 6
1922363,22306,beihai barnacle virus 5
1922358,22311,beihai barnacle virus 14
1922349,22320,behai endorna-like virus 1
1922347,22322,unclassified rna viruses
1911104,24273,king virus
1906173,25779,bastrovirus/vietnam/porcine/17489_85
1888953,26811,brazilian weed virus y
1884878,27125,psittaciform 2 orthobornavirus
1881950,28118,elapid 1 orthobornavirus
1807803,33877,muthill virus
1685786,44781,lake sarah-associated circular virus-9
1685785,44782,lake sarah-associated circular virus-8
1685784,44783,lake sarah-associated circular virus-7
1685783,44784,lake sarah-associated circular virus-6
1685781,44785,lake sarah-associated circular virus-51
1685780,44786,lake sarah-associated circular virus-50
1685779,44787,lake sarah-associated circular virus-5
1685778,44788,lake sarah-associated circular virus-49
1685777,44789,lake sarah-associated circular virus-48
1685776,44790,lake sarah-associated circular virus-47
1685775,44791,lake sarah-associated circular virus-46
1685774,44792,lake sarah-associated circular virus-45
1685773,44793,lake sarah-associated circular virus-44
1685772,44794,lake sarah-associated circular virus-43
1685771,44795,lake sarah-associated circular virus-42
1685770,44796,lake sarah-associated circular virus-41
1685769,44797,lake sarah-associated circular virus-40
1685768,44798,lake sarah-associated circular virus-4
1685767,44799,lake sarah-associated circular virus-39
1685766,44800,lake sarah-associated circular virus-38
1685765,44801,lake sarah-associated circular virus-37
1685764,44802,lake sarah-associated circular virus-36
1685763,44803,lake sarah-associated circular virus-35
1685762,44804,lake sarah-associated circular virus-34
1685761,44805,lake sarah-associated circular virus-33
1685760,44806,lake sarah-associated circular virus-32
1685759,44807,lake sarah-associated circular virus-31
1685758,44808,lake sarah-associated circular virus-30
1685757,44809,lake sarah-associated circular virus-3
1685756,44810,lake sarah-associated circular virus-29
1685755,44811,lake sarah-associated circular virus-28
1685754,44812,lake sarah-associated circular virus-27
1685753,44813,lake sarah-associated circular virus-26
1685752,44814,lake sarah-associated circular virus-25
1685751,44815,lake sarah-associated circular virus-24
1685750,44816,lake sarah-associated circular virus-23
1685749,44817,lake sarah-associated circular virus-22
1685748,44818,lake sarah-associated circular virus-21
1685747,44819,lake sarah-associated circular virus-20
1685746,44820,lake sarah-associated circular virus-2
1685745,44821,lake sarah-associated circular virus-19
1685744,44822,lake sarah-associated circular virus-18
1685743,44823,lake sarah-associated circular virus-17
1685742,44824,lake sarah-associated circular virus-16
1685741,44825,lake sarah-associated circular virus-15
1685740,44826,lake sarah-associated circular virus-14
1685739,44827,lake sarah-associated circular virus-13
1685738,44828,lake sarah-associated circular virus-12
1685737,44829,lake sarah-associated circular virus-11
1685736,44830,lake sarah-associated circular virus-10
1685735,44831,lake sarah-associated circular virus-1
1655662,47257,microviridae fen7940_21
1655661,47258,microviridae fen7918_21
1655660,47259,microviridae fen7895_21
1655658,47261,microviridae fen7786_21
1655657,47262,microviridae fen685_11
1655654,47265,microviridae fen4707_41
1655653,47266,microviridae fen418_41
1655652,47267,microviridae fen2266_11
1655651,47268,microviridae bog9017_22
1655648,47271,microviridae bog5275_51
1655647,47272,microviridae bog1249_12
1608135,53159,wuhan mothfly virus
1608125,53169,wuhan millipede virus 2
1608124,53170,wuhan millipede virus 1
1608099,53195,wuchang cockroach virus 3
1608098,53196,wuchang cockroach virus 2
1608081,53213,shuangao lacewing virus
1608071,53223,shuangao bedbug virus 1
1608062,53232,sanxia water strider virus 3
1608061,53233,sanxia water strider virus 2
1586715,59097,yellowstone lake phycodnavirus 3
1586714,59098,yellowstone lake phycodnavirus 2
1586713,59099,yellowstone lake phycodnavirus 1
1586712,59100,yellowstone lake mimivirus
1542745,62997,ancient caribou feces associated virus
1542743,62999,caribou feces-associated gemycircularvirus
1048854,114566,munguba virus
759124,131457,bhendi yellow vein mosaic alphasatellite,VHostDB
346174,176508,cervine adenovirus
93386,187531,columbid alphaherpesvirus 1
64319,188183,yaounde virus
38837,189121,banzi virus
