2182395,202,gordonia phage easley
2182349,218,gordonia phage sour
2182347,219,gordonia phage petra
2126808,600,gordonia phage fenry
2126785,612,gordonia phage hail2pitt
2126784,613,gordonia phage djokovic
2108120,943,gordonia phage waits
2094134,1048,gordonia phage kerry
2094133,1049,gordonia phage gravy
2081621,1129,gordonia phage confidence
2079570,1181,gordonia phage sallyspecial
2079564,1187,gordonia phage brandonk123
2079416,1215,gordonia phage supersulley
2079415,1216,gordonia phage flapper
2079414,1217,gordonia phage boneham
2079413,1218,gordonia phage adgers
2079397,1234,gordonia phage beenie
2079282,1249,gordonia phage troje
2079281,1250,gordonia phage stevefrench
2079280,1251,gordonia phage flakey
2049886,4249,gordonia virus vendetta
2047873,4627,gordonia phage mahdia
2047872,4628,gordonia phage gustav
2047832,4651,gordonia phage bjanes7
2047831,4652,gordonia phage birksandsocks
2047830,4653,gordonia phage bentherdunthat
2047829,4654,gordonia phage anamika
2041516,5761,gordonia phage toniann
2041515,5762,gordonia phage patio
2041514,5763,gordonia phage lysidious
2041513,5764,gordonia phage lozinak
2041512,5765,gordonia phage lennon
2041511,5766,gordonia phage kabluna
2027889,7506,gordonia phage shayra
1982751,13303,gordonia virus woes
1982750,13304,gordonia virus monty
1982749,13305,gordonia virus hotorobo
1982563,13361,gordonia virus soups
1982561,13363,gordonia virus smoothie
1982560,13364,gordonia virus oneup
1982559,13365,gordonia virus clubl
1982558,13366,gordonia virus bachita
1982219,13488,gordonia virus gordtnk2
1982109,13499,gordonia virus kvothe
1982108,13500,gordonia virus katyusha
1982107,13501,gordonia virus demosthenes
1958909,17094,gordonia phage huffy
1958908,17095,gordonia phage dinodaryn
1887656,26849,gordonia phage zirinka,VHostDB
1887655,26850,gordonia phage twister6,VHostDB
1887654,26851,gordonia phage terapin,VHostDB
1887653,26852,gordonia phage strosahl
1887652,26853,gordonia phage remus,VHostDB
1887651,26854,gordonia phage nyceirae,VHostDB
1887650,26855,gordonia phage jumbo,VHostDB
1887649,26856,gordonia phage jswag,VHostDB
1887648,26857,gordonia phage hedwig,VHostDB
1887647,26858,gordonia phage ghobes,VHostDB
1887646,26859,gordonia phage eyre,VHostDB
1887645,26860,gordonia phage cucurbita,VHostDB
1887644,26861,gordonia phage carolann,VHostDB
1887643,26862,gordonia phage captainkirk2,VHostDB
1887642,26863,gordonia phage batstarr
1887641,26864,gordonia phage bantam,VHostDB
1838084,31798,gordonia phage woes,VHostDB
1838083,31799,gordonia phage wizard,VHostDB
1838082,31800,gordonia phage vendetta,VHostDB
1838081,31801,gordonia phage utz,VHostDB
1838080,31802,gordonia phage splinter,VHostDB
1838079,31803,gordonia phage soups,VHostDB
1838078,31804,gordonia phage smoothie,VHostDB
1838077,31805,gordonia phage rosalind,VHostDB
1838076,31806,gordonia phage patrickstar
1838075,31807,gordonia phage orchid,VHostDB
1838074,31808,gordonia phage oneup,VHostDB
1838073,31809,gordonia phage monty,VHostDB
1838072,31810,gordonia phage mcgonagall,VHostDB
1838071,31811,gordonia phage kvothe,VHostDB
1838070,31812,gordonia phage katherineg,VHostDB
1838069,31813,gordonia phage kampe
1838068,31814,gordonia phage jeanie
1838067,31815,gordonia phage demosthenes,VHostDB
1838066,31816,gordonia phage cozz,VHostDB
1838065,31817,gordonia phage clubl,VHostDB
1838064,31818,gordonia phage britbrat,VHostDB
1838063,31819,gordonia phage bowser,VHostDB
1838062,31820,gordonia phage blueberry,VHostDB
1838061,31821,gordonia phage bachita,VHostDB
1821566,33206,gordonia phage yvonnetastic,VHostDB
1821565,33207,gordonia phage yeezy,VHostDB
1821564,33208,gordonia phage vivi2,VHostDB
1821563,33209,gordonia phage umathurman,VHostDB
1821562,33210,gordonia phage soilassassin,VHostDB
1821561,33211,gordonia phage schwabeltier,VHostDB
1821560,33212,gordonia phage phinally,VHostDB
1821559,33213,gordonia phage obliviate,VHostDB
1821558,33214,gordonia phage nymphadora,VHostDB
1821557,33215,gordonia phage lucky10,VHostDB
1821556,33216,gordonia phage kita,VHostDB
1821555,33217,gordonia phage katyusha
1821554,33218,gordonia phage hotorobo,VHostDB
1821553,33219,gordonia phage guacamole,VHostDB
1821552,33220,gordonia phage emalyn,VHostDB
1821551,33221,gordonia phage betterkatz,VHostDB
1821550,33222,gordonia phage benczkowski14
1821549,33223,gordonia phage baxterfox,VHostDB
1821548,33224,gordonia phage attis
1777061,36420,gordonia phage howe
1647475,48289,gordonia phage gte8,VHostDB
1647474,48290,gordonia phage gte6,VHostDB
1647473,48291,gordonia phage gru3,VHostDB
1647472,48292,gordonia phage gma5,VHostDB
1647471,48293,gordonia phage gma4,VHostDB
1647470,48294,gordonia phage gma1,VHostDB
1647469,48295,gordonia phage gal1,VHostDB
1647286,48366,gordonia phage gma7,VHostDB
1647285,48367,gordonia phage gma6,VHostDB
1647284,48368,gordonia phage gma3,VHostDB
1647283,48369,gordonia phage gma2
1636544,49737,skermania phage spi1
1622193,50265,gordonia phage gsput1,VHostDB
1622192,50266,gordonia phage gordtnk2,VHostDB
1622191,50267,gordonia phage gordduk1,VHostDB
1622190,50268,gordonia phage gmala1,VHostDB
1109710,108799,gordonia phage gru1,VHostDB
319522,178585,gordonia phage gte5,VHostDB
