2067994,1842,leptomonas pyrrhocoris tombus-like virus 1
2060083,2450,phytomonas sp. tcc231 leishbunyavirus 1
2060082,2451,crithidia sp. c4 leishbunyavirus 1
2060081,2452,crithidia pragensis leishbunyavirus 1
2041416,5793,leptomonas narna-like virus 1
2022125,8439,leptomonas pyrrhocoris rna virus satellite rna6
2022124,8440,leptomonas pyrrhocoris rna virus satellite rna5
2022123,8441,leptomonas pyrrhocoris rna virus satellite rna4
2022122,8442,leptomonas pyrrhocoris rna virus satellite rna3
2022121,8443,leptomonas pyrrhocoris rna virus satellite rna2
2022120,8444,leptomonas pyrrhocoris rna virus satellite rna1
2022119,8445,leptomonas seymouri rna virus
2022118,8446,leptomonas pyrrhocoris rna virus
2022117,8447,crithidia otongatchiensis virus
2022116,8448,crithidia zm virus
2022115,8449,crithidia g15 virus
1888351,26829,crithidia abscondita leishbunyavirus
1859148,30417,leptomonas moramango leishbunyavirus 1
1856767,30452,leptomonas seymouri narna-like virus 1
1856627,30516,phytomonas serpens narnavirus 1,VHostDB
1678906,45316,leishmania rna virus 2
1678905,45317,leishmania rna virus 1
1497019,68023,leishmania aethiopica rna virus,VHostDB
1285423,89729,leishmania rna virus 1 - lg1398
1285422,89730,leishmania rna virus 1 - lgm5313
123744,186754,leishmania rna virus 1 - 9
123743,186755,leishmania rna virus 1 - 8
123742,186756,leishmania rna virus 1 - 7
123741,186757,leishmania rna virus 1 - 2
123740,186758,leishmania rna virus 1 - 11
123739,186759,leishmania rna virus 1 - 10
70697,188001,leishmania rna virus sp.
58103,188534,leishmania rna virus 1 - 1,VHostDB
39117,189076,leishmania rna virus 1 - 13
39116,189077,leishmania rna virus 2 - 1,VHostDB
12530,189830,leishmania rna virus 1 - 4,VHostDB
