2203894,47,tomato leaf curl yunnan betasatellite
2173168,261,tomato leaf curl philippine betasatellite
2083209,1095,tobacco latent virus
2083207,1096,tomato yellow leaf curl rajasthan betasatellite
2060142,2420,tomato apical leaf curl virus
2056161,2949,african eggplant mosaic virus
2050930,4006,chilli leaf curl kanpur virus
2050929,4007,chilli leaf curl vellanad virus
2050583,4072,tomato leaf curl new delhi virus 2
2049944,4239,tomato leaf curl new delhi virus 4
2049892,4244,tomato leaf curl malaysia betasatellite
2048881,4488,tomato leaf curl virudhunagar virus
2048879,4490,tomato leaf curl virudhunagar alphasatellite
2045498,4667,tobacco necrosis virus p,VHostDB
2040662,5870,tomato yellow leaf curl shandong betasatellite
2035014,6733,tomato blistering mosaic tymovirus
2034762,6865,sweet potato pakakuy virus
2033721,6991,tomato yellow leaf curl yunnan betasatellite
2031200,7177,tomato leaf curl nepal betasatellite
2027645,7513,tomato associated geminivirus 1,VHostDB
2026196,7758,sweet potato leaf curl sichuan virus 1
2025096,7962,satellite tobacco necrosis virus c
2023344,8311,tomato leaf curl virus - bangalore
2021667,8559,tomato leaf curl purple vein virus,VHostDB
2015441,9525,tomato chlorotic leaf curl virus
2015440,9526,tomato mosaic trujillo virus
2010333,10026,tomato leaf curl laos betasatellite
2010332,10027,tomato leaf curl laguna betasatellite,VHostDB
2010331,10028,tomato leaf curl bangalore betasatellite
2010327,10030,tobacco leaf curl patna betasatellite
2010326,10031,tobacco leaf curl japan betasatellite
2010286,10041,chili leaf curl betasatellite,VHostDB
1993652,12125,tomato yellow leaf distortion deltasatellite 2
1993651,12126,tomato yellow leaf distortion deltasatellite 1
1993650,12127,tomato leaf curl deltasatellite,VHostDB
1993649,12128,sweet potato leaf curl deltasatellite 3
1993648,12129,sweet potato leaf curl deltasatellite 2
1993647,12130,sweet potato leaf curl deltasatellite 1
1987360,12275,pepper yellow dwarf virus - mexico,VHostDB
1987359,12276,tomato golden mottle virus b
1972995,14908,tobacco virus 2,VHostDB
1971237,15320,tobacco albetovirus 3
1971236,15321,tobacco albetovirus 2
1971235,15322,tobacco albetovirus 1
1967841,15582,tomato yellow mottle-associated virus,VHostDB
1963256,15975,african eggplant yellowing virus,VHostDB
1955054,17185,tomato leaf curl burkina faso virus,VHostDB
1945774,18016,potato virus y strain z-ntn
1935922,18887,petunia chlorotic mottle virus,VHostDB
1933298,19220,tomato spotted wilt tospovirus,VHostDB
1933297,19221,tomato chlorotic spot tospovirus
1925803,20431,tobacco virtovirus 1
1918519,23046,tomato yellow leaf curl virus-il
1917168,23307,tomato leaf curl patna virus-[bangladesh:jamalpur:2014]
1916236,23573,tomato brown rugose fruit virus-israeli
1914579,23768,tobacco bushy top virus satellite rna
1881631,28124,eggplant golden mosaic virus
1861791,30384,sweet potato leaf curl jiangsu3 virus
1843600,31242,tobacco curly shoot virus-y3560
1833825,32273,tomato necrotic spot associated virus
1827003,32376,sweet potato leaf curl henanzhengzhou virus
1825931,32387,tomato yellow leaf curl shuangbai virus - [y4536],VHostDB
1803898,34547,pepper virus a,VHostDB
1792583,34974,tobacco mosqueado virus,VHostDB
1779714,36229,lycianthes yellow mosaic virus
1774200,37013,pepper yellow leaf curl thailand virus,VHostDB
1761477,37956,tomato brown rugose fruit virus,VHostDB
1760866,38051,tomato yellow leaf curl virus - il [jr:osaka]
1758139,38107,colombian potato soil-borne virus,VHostDB
1757097,38897,tomato leaf curl sudan betasatellite
1755197,39162,cherry tomato leaf curl virus
1725329,41930,potato necrosis virus
1718190,42285,sweet potato yellow mottle virus
1712538,43074,tomato leaf curl pakistan defective alphasatellite
1711684,43109,hot pepper alphaendornavirus,VHostDB
1701549,43911,tomato chlorotic mottle guyane virus
1701401,44014,chilli leaf curl bijnour virus-india
1692045,44441,tobacco virus 1,VHostDB
1678004,45409,tomato leaf curl bangladesh betasatellite [india:ahmedabad:chilli:2014]
1678003,45410,chilli leaf curl ahmedabad virus-india [india/ahmedabad/2014],VHostDB
1637492,49546,tomato necrotic streak virus
1632184,49918,tomato enation leaf curl virus,VHostDB
1608257,53146,tomato latent virus
1589243,58604,cestrum leaf curl islamabad virus
1582907,59126,tomato necrotic spot tospovirus
1570110,61230,tomato leaf curl gujarat betasatellite
1570109,61231,tomato leaf curl bangalore4 betasatellite
1570108,61232,tomato leaf curl bangalore1 betasatellite
1560651,62257,sweet potato leaf curl sao paulo virus-[za:wp:2011]
1538550,63562,ethiopian tobacco bushy top virus satellite rna,VHostDB
1538549,63563,ethiopian tobacco bushy top virus,VHostDB
1535267,63807,tomato leaf curl new delhi virus [okra:india:ludhiana]
1513531,66019,tomato yellow leaf curl indonesia virus
1513530,66020,tomato leaf curl nigeria virus
1513527,66023,sweet potato leaf curl uganda virus
1507725,66804,chilli leaf curl india alphasatellite,VHostDB
1507724,66805,chilli leaf curl dhanbad alphasatellite
1507457,66806,chilli leaf curl virus - [pakistan:2011]
1505739,67228,chilli leaf curl betasatellite [india:moga:okra:2014]
1498504,67842,tomato leaf curl barka virus,VHostDB
1497568,67871,tomato leaf curl oman betasatellite
1484007,68696,tomato yellow leaf curl virus - mild [japan:takatsuki],VHostDB
1481465,69125,tomato necrotic dwarf virus,VHostDB
1481463,69126,tomato yellow leaf curl virus-oman,VHostDB
1481460,69127,chili leaf curl virus-oman,VHostDB
1472014,69854,chilli leaf curl oman virus
1472013,69855,tomato yellow leaf curl al-batinah virus
1472012,69856,tomato yellow leaf curl oman virus
1468172,70978,gaillardia latent virus,VHostDB
1416026,76172,yellow tailflower mild mottle virus,VHostDB
1414655,76237,pepper chlorotic spot virus,VHostDB
1398938,77476,sweet potato leaf curl china virus [china:sichuan14:2012]
1397678,77611,tomato leaf curl new delhi virus-[india:junagadh:2012]
1397677,77612,tomato leaf curl new delhi virus-[india:bhavnagar:2012]
1397676,77613,tomato leaf curl gujarat virus-[india:valsad:2012]
1397675,77614,tomato leaf curl gujarat virus-[india:surat:2012]
1397673,77616,chilli leaf curl virus-india [anand:tomato:2012]
1397672,77617,tomato leaf curl betasatellite-[india:valsad:2012]
1397671,77618,tomato leaf curl betasatellite-[india:surat:2012]
1397670,77619,tomato leaf curl karnataka betasatellite,VHostDB
1392387,78011,sweet potato leaf curl japan virus
1391746,78039,tomato yellow leaf curl saudi virus,VHostDB
1391702,78040,tomato mottle mosaic virus,VHostDB
1384632,78447,tomato leaf curl gandhinagar betasatellite,VHostDB
1384631,78448,tomato leaf curl gandhinagar virus,VHostDB
1350389,80267,sweet potato leaf curl china henan virus
1345716,80949,chilli vein mottle virus
1340746,81591,tomato bright yellow mosaic virus
1336597,81698,tomato golden leaf spot virus,VHostDB
1335768,81868,tomato yellow leaf curl yunnan virus,VHostDB
1335766,81869,chili leaf curl bhatinda betasatellite,VHostDB
1334928,82027,tomato leaf curl bhatinda betasatellite
1331989,82367,potato virus y ps
1313371,86479,tomato yellow leaf curl thailand virus b-[thailand:nakhonpathom:2007]
1313368,86480,tomato yellow leaf curl thailand virus b-[myanmar:hlegu:2006]
1313366,86481,tomato yellow leaf curl kanchanaburi virus-[vietnam:mytho:2002]
1313362,86482,tomato leaf curl virus-[australia:mossman:2003]
1313361,86483,tomato leaf curl virus-[australia:darwin:2003]
1313360,86484,tomato leaf curl virus-[australia:aurukun:2003]
1313359,86485,tomato leaf curl pakistan virus-[pakistan:faisalabad:2007]
1313358,86486,tomato leaf curl new delhi virus-[indonesia:java:2009]
1313357,86487,tomato leaf curl laos virus-[easttimor:oecusse:2000]
1303385,87763,tomato leaf curl liwa virus,VHostDB
1297898,88280,tobacco curly top virus [india:kalyani-b.c.k.v.:tomato:2013]
1297897,88281,tobacco curly top virus
1297896,88282,tomato leaf curl virus [india:kalyani-b.c.k.v.:ridgegourd:2013]
1296572,88620,tomato leaf curl new delhi virus-[potato]
1296569,88622,andean potato mild mosaic virus,VHostDB
1295014,88766,sweet potato leaf curl china sichuan virus
1293961,88945,sida yellow vein china alphasatellite,VHostDB
1290341,89229,tomato leaf curl yunnan virus
1288829,89326,pepper yellow leaf curl china virus,VHostDB
1280308,90645,tomato leaf curl guangxi betasatellite
1279470,91163,sweet potato badnavirus c
1266458,92633,tomato mottle wrinkle virus,VHostDB
1260770,93439,tomato leaf curl karnataka alphasatellite
1250303,93637,sunflower leaf curl karnataka alphasatellite,VHostDB
1245827,94089,tomato leaf curl peru virus
1239452,94872,brugmansia mosaic virus,VHostDB
1239416,94878,tomato leaf curl new delhi virus [india:new delhi:2012]
1234808,95244,potato virus y strain n-wi,VHostDB
1234417,95263,tomato begomovirus colombia
1233675,95269,honeysuckle yellow vein kagoshima virus,VHostDB
1232461,95321,potato yellow blotch virus
1231334,95349,tomato leaf curl hajipur betasatellite,VHostDB
1227357,96632,datura leaf distortion virus,VHostDB
1219876,97014,chilli leaf curl virus-india
1214078,97677,tomato venezuela begomovirus
1213429,97757,sweet potato geminivirus
1213187,97779,tobacco leaf chlorosis betasatellite,VHostDB
1200669,100200,potato yellow mosaic virus colombia [valle del cauca:tulua 6: 2008]
1195378,100597,tomato dwarf leaf virus,VHostDB
1184708,101532,tomato leaf curl bangladesh virus-[india:udaipur:gaillardia:2009]
1176156,102028,tomato leaf curl yemen betasatellite,VHostDB
1176153,102029,tomato necrotic stunt virus,VHostDB
1172353,102301,tomato yellow leaf curl oman betasatellite,VHostDB
1170667,102656,datura leaf curl betasatellite
1166473,103226,pepper huasteco yellow vein virus- san luis potosi,VHostDB
1166472,103227,tomato yellow leaf curl virus-il [mx: slp:11],VHostDB
1165455,103283,tobacco yellow dwarf virus-c
1162280,103526,tomato rugose yellow leaf curl virus,VHostDB
1161126,103884,tomato leaf curl new delhi alphasatellite
1150855,104283,tomato rhabdovirus beltsville
1143717,105537,tomato leaf curl karnataka virus-[jatropha curcas]
1141724,105856,tomato leaf curl cameroon virus - fontem,VHostDB
1141723,105857,tomato leaf curl togo virus - fontem,VHostDB
1137751,106253,chilli leaf curl virus [india:up:lucknow:capsicum sp.11b:2011]
1131472,107282,tomato leaf curl lucknow virus
1129036,107434,tomato crinkle leaf yellows virus
1127769,107485,tomato severe leaf curl virus - slp 3,VHostDB
1127768,107486,tomato chino la paz virus -slp 4,VHostDB
1124577,107611,tomato mild yellow leaf curl aragua virus,VHostDB
1123754,107618,rattail cactus necrosis-associated virus,VHostDB
1107955,108844,potato virus y wilga mv175,VHostDB
1107954,108845,potato virus y wilga mv99,VHostDB
1100037,109040,solanum leaf curl lakshmangarh virus
1100035,109042,tomato leaf curl sirsa virus
1100034,109043,tomato leaf curl bhatinda virus
1089387,111346,tomato interveinal chlorosis virus
1086072,111720,tomato yellow leaf curl virus - huasteca,VHostDB
1086071,111721,tomato severe leaf curl virus - huasteca,VHostDB
1077859,112060,tomato chlorotic leaf distortion virus
1077858,112061,tomato chlorotic leaf distortion virus-[capsicum]
1052902,113787,tobacco mosaic virus strain ohio v,VHostDB
1050903,114325,pepper cryptic virus 2,VHostDB
1046568,114675,tomato leaf curl patna virus [tobacco]
1046402,114679,potato virus h,VHostDB
1038082,115715,datura leaf curl virus
1036271,115859,tomato leaf curl virus-panipat 7 [india:panipat:papaya:2008]
1036270,115860,tomato leaf curl karnataka virus-b1 [india:haryana:papaya:2009]
1036269,115861,tomato leaf curl virus-naj 2 [india:new delhi:papaya:2009]
1036268,115862,tomato leaf curl joydebpur virus-panipat 5 [india:panipat:papaya:2008]
1036263,115863,chilli leaf curl virus-naj 3 [india:new delhi:papaya:2009]
1036262,115864,chilli leaf curl virus-panipat 4 [india:panipat:papaya:2008]
1036261,115865,chilli leaf curl virus-panipat 2 [india:panipat:papaya:2008]
1036260,115866,chilli leaf curl virus-panipat 1 [india:panipat:papaya:2008]
1036197,115870,chilli leaf curl betasatellite-panipat 4 [india:panipat:papaya:2008]
1036196,115871,tomato leaf curl betasatellite-panipat 7 [india:panipat:papaya:2008]
1036195,115872,tomato leaf curl betasatellite-panipat 5 [india:panipat:papaya:2008]
1036194,115873,tomato leaf curl betasatellite-panipat 2 [india:panipat:papaya:2008]
1036193,115874,tomato leaf curl betasatellite-panipat 1 [india:panipat:papaya:2008]
1036192,115875,tomato leaf curl betasatellite-naj 2 [india:new delhi:papaya:2009]
1036191,115876,tomato leaf curl betasatellite-du [india:new delhi:papaya:2009]
1036190,115877,tomato leaf curl betasatellite-naj 1 [india:new delhi:papaya:2008]
1034891,116033,tomato leaf curl patna virus-[jatropha:lucknow:2010]
1034890,116034,withania mosaic india virus-[aligarh]
1031438,116857,tomato yellow leaf curl virus - kisr,VHostDB
1027232,117007,groundnut ringspot and tomato chlorotic spot virus reassortant,VHostDB
1010616,117131,tomato blistering mosaic virus,VHostDB
1005916,117387,chilli leaf curl betasatellite-[india:palampur:2008]
1000692,118116,tomato leaf curl joydebpur betasatellite [india/mograhat/chilli/2007]
1000691,118117,tomato leaf curl joydebpur betasatellite [india/kolkata/chilli/2007]
1000690,118118,tomato leaf curl joydebpur betasatellite [india/jaunpur/chilli/2007]
1000689,118119,tomato leaf curl bangladesh betasatellite [india/patna/chilli/2008]
1000688,118120,tomato leaf curl bangladesh betasatellite [india/noida/chilli/2007]
1000687,118121,tomato leaf curl bangladesh betasatellite [india/kanpur/chilli/2008]
1000686,118122,tomato leaf curl bangladesh betasatellite [india/jodhpur/chilli/2009]
1000685,118123,tomato leaf curl bangladesh betasatellite [india/ghazipur/chilli/2007]
1000684,118124,tomato leaf curl new delhi virus-india [india/tumkur/chilli/2008]
1000683,118125,tomato leaf curl new delhi virus-india [india/new delhi/chilli/2009]
1000682,118126,tomato leaf curl new delhi virus-india
1000681,118127,tomato leaf curl karnataka virus-india [india/banglore/chilli/2008]
1000680,118128,tomato leaf curl joydebpur virus-india [india/baruipur/chilli/2007]
1000679,118129,tomato leaf curl joydebpur virus-india [india/patna/chilli/2008]
1000678,118130,tomato leaf curl joydebpur virus-india [india/kolkata/chilli/2007]
1000677,118131,tomato leaf curl joydebpur virus-india [india/jaunpur/chilli/2007]
1000676,118132,tomato leaf curl joydebpur virus-india [india/ghazipur/chilli/2007]
1000675,118133,tomato leaf curl joydebpur virus-india
1000669,118139,chilli leaf curl virus-india [india/pataudi/2007]
1000668,118140,chilli leaf curl virus-india [india/noida/2007]
1000667,118141,chilli leaf curl virus-india [india/jodhpur/2009]
1000666,118142,chilli leaf curl multan virus-india [india/guntur/2009]
1000665,118143,chilli leaf curl kanpur virus [india/kanpur/2008]
1000664,118144,chilli leaf curl vellanad virus [india/vellanad/2008]
1000663,118145,chilli leaf curl salem virus-india [india/salem/2008]
997078,118645,tomato leaf curl comoros virus,VHostDB
996312,118678,tomato leaf curl madagascar virus-androy [madagascar:toliary:2001]
996311,118679,tomato leaf curl madagascar virus-menabe [madagascar:morondova:2001],VHostDB
983437,119904,tomato chlorotic leaf distortion virus-[venezuela:zulia:2004],VHostDB
981403,121256,eggplant mild leaf mottle virus
971271,121471,tomato leaf curl hanoi virus,VHostDB
947065,121518,withania mosaic india virus-[lucknow]
947064,121519,withania mosaic india virus-[rajasthan]
947063,121520,withania mosaic india virus
945960,121619,tamarillo leaf malformation virus,VHostDB
938277,122038,tomato leaf curl ranchi betasatellite
938276,122039,tomato leaf curl ranchi virus,VHostDB
936004,122249,potato yellowing virus
935472,122263,tomato leaf curl new delhi virus-jid17
935471,122264,tomato leaf curl new delhi virus-jid27
935288,122268,tomato leaf curl betasatellite-jp8
935287,122269,tomato leaf curl new delhi virus-jlh13
935286,122270,tomato leaf curl new delhi virus-jlx10
932073,122512,solanum mosaic bolivia virus,VHostDB
929769,122798,sida golden mosaic buckup virus-[jamaica:st. elizabeth:2004],VHostDB
929051,122817,tomato leaf curl togo betasatellite-[togo:2006],VHostDB
926844,122927,tobacco curly shoot alphasatellite,VHostDB
915293,123104,ageratum yellow vein singapore alphasatellite,VHostDB
910428,123486,chilli leaf curl virus-india [india:papaya:2005]
910427,123487,tomato leaf curl new delhi virus-papaya [india:new delhi:papaya:2005]
909827,123566,pepper vein yellows virus,VHostDB
908119,123964,tomato leaf curl new delhi virus [india:karnal:oy81a:2004]
908118,123965,tomato leaf curl new delhi virus [india:guntur:oy136b:2006]
908117,123966,tomato leaf curl new delhi virus [india:bangalore:oy135:2005]
908116,123967,tomato leaf curl new delhi virus [india:aurangabad:oy164a:2006]
905055,124157,tobacco leaf curl pusa alphasatellite,VHostDB
905054,124158,tobacco leaf curl pusa virus,VHostDB
889961,124397,tomato leaf curl joydebpur betasatellite-[india:varanasi:2010]
888513,124512,tomato leaf curl associated alphasatellite batina 4.3
887824,124606,tobacco yellow dwarf virus-b
885379,124765,tomato leaf curl bangladesh betasatellite,VHostDB
884612,125248,pepper leaf curl lahore virus-[pakistan:lahore1:2004],VHostDB
884610,125250,pepper leaf curl lahore virus,VHostDB
876170,126141,chilli leaf curl virus-[bhavanisagar:india:2010]
875324,126295,eclipta yellow vein virus,VHostDB
866534,127812,tomato leaf curl gujarat virus-[pune:2008]
858512,128640,tomato bright yellow mottle virus
858511,128641,tomato golden leaf distortion virus
761712,130757,tomato yellow leaf curl virus-[taft:iran],VHostDB
761711,130758,tomato yellow leaf curl virus-[shiraz:iran],VHostDB
761710,130759,tomato yellow leaf curl virus-[roodan:iran],VHostDB
761709,130760,tomato yellow leaf curl virus-[orzuiyeh:iran],VHostDB
761708,130761,tomato yellow leaf curl virus-[minab:iran],VHostDB
761707,130762,tomato yellow leaf curl virus-[kahnooj:iran],VHostDB
761706,130763,tomato yellow leaf curl virus-[jiroft:iran],VHostDB
761705,130764,tomato yellow leaf curl virus-[genaveh:iran],VHostDB
749223,133514,chilli leaf curl virus-[soyla:india:2009],VHostDB
745066,134049,withania leaf curl virus
743045,134327,tomato leaf curl cameroon alphasatellite [cm:agld1:ag:09]
743044,134328,tomato leaf curl cameroon alphasatellite [cm:tos2d3:to:09]
743043,134329,tomato leaf curl cameroon alphasatellite [cm:tos2d2:to:09]
743042,134330,tomato leaf curl cameroon alphasatellite [cm:tos2d1:to:09]
743041,134331,tomato leaf curl cameroon alphasatellite [cm:omhd3:ok:09]
743040,134332,tomato leaf curl cameroon alphasatellite,VHostDB
713949,135972,tomato leaf curl oman virus,VHostDB
710225,136140,tomato yellow leaf curl virus - wailuku
710224,136141,tomato yellow leaf curl virus - poamoho
705074,136802,tobacco curly shoot virus - [sc118],VHostDB
694582,138198,tomato leaf curl sudan virus -[wad madani],VHostDB
693901,138262,tomato leaf curl betasatellite - [india:halwadni:2007]
693900,138263,chilli leaf curl betasatellite - [pakistan:potato:2008],VHostDB
693898,138264,tomato yellow leaf curl thailand betasatellite - [india:dhanbad:2008]
693897,138265,tomato yellow leaf curl thailand betasatellite,VHostDB
693895,138267,tomato leaf curl cameroon virus - [cameroon:buea:okra:2008]
693894,138268,tomato leaf curl cameroon virus,VHostDB
693893,138269,sweet potato leaf curl bengal virus - [india:west bengal:2008]
688701,138886,chiltepin yellow mosaic virus,VHostDB
688541,138924,sweet potato mosaic associated virus
686948,139144,tomato torrado virus esp/pritotv0301
681518,140318,tomato leaf deformation virus,VHostDB
671275,142024,tomato leaf curl hainan virus hanhk7,VHostDB
665442,142639,tomato leaf curl new delhi virus [pakistan:solanum:2009]
664980,142660,tomato leaf curl hainan virus,VHostDB
662436,143195,tomato leaf curl karnataka virus-[tomato:lucknow]
661505,143258,chilli leaf curl multan alphasatellite,VHostDB
661101,143400,tomato chocolate spot virus,VHostDB
652939,145258,tobacco rattle virus ppk20
652839,145264,potato mop-top virus sw
652105,145311,sweet potato mild mottle virus isolate salazar
650488,145444,pelargonium zonate spot virus isolate tomato
650137,145460,cherry rasp leaf virus isolate potato
649996,145485,tomato yellow leaf distortion virus,VHostDB
646442,146043,sweet potato badnavirus a
634441,147029,tomato leaf curl sulawesi virus,VHostDB
629706,147360,tomato yellow leaf curl virus zjcx4
629705,147361,tomato yellow leaf curl virus zjcx1
629704,147362,tomato yellow leaf curl virus sdzb2
629703,147363,tomato yellow leaf curl virus sdzb1
629702,147364,tomato yellow leaf curl virus sdjn3
629701,147365,tomato yellow leaf curl virus sdjn1
627502,147458,tomato leaf curl virus-[buea]
626985,147703,tomato chocolate virus
624128,147791,tomato leaf curl taiwan virus zjwz5,VHostDB
623708,147793,tomato yellow leaf curl virus jsnj1,VHostDB
623707,147794,tomato yellow leaf curl virus sh3,VHostDB
623706,147795,tomato yellow leaf curl virus sdjn2,VHostDB
623705,147796,tomato yellow leaf curl virus zjhz12,VHostDB
623233,147797,tomato yellow leaf curl virus zjhz1,VHostDB
619653,147932,tobacco leaf curl yunnan virus [goatweed:nakhon pathom:2008]
619652,147933,tomato yellow leaf curl thailand virus [soybean:chiang mai:2008]
619651,147934,tomato yellow leaf curl thailand virus [pepper:nakhon pathom:2008]
614078,148063,tomato leaf curl joydebpur virus-[india:ponduru:kenaf:2007]
614077,148064,tomato leaf curl joydebpur virus-[india:amadalavalasa2:kenaf:2007]
614076,148065,tomato leaf curl joydebpur virus-[india:amadalavalasa1:kenaf:2007]
614055,148070,tomato bushy stunt virus satellite rna l
614034,148085,tomato leaf curl nigeria virus-[nigeria:2006],VHostDB
613024,148098,tomato leaf curl palampur virus-[kerman:cucumber]
611305,148154,chilli leaf curl betasatellite - [pakistan:lahore1:2004]
593140,148571,tomato leaf curl palampur virus-[roodan:tomato]
593139,148572,tomato leaf curl palampur virus-[jiroft:melon]
591166,148703,southern tomato virus,VHostDB
587314,148808,tobacco leaf curl betasatellite-[pakistan:multan:pedilanthus:2004]
584711,149295,tomato necrotic ringspot virus
577124,149821,chilli leaf curl india virus
575918,149948,tomato leaf curl patna betasatellite,VHostDB
575917,149949,tomato leaf curl patna virus,VHostDB
573915,150034,tomato leaf curl new delhi virus-[tomato:india:haldwani]
573614,150056,tomato begomovirus - [cuba:granma:2007]
573594,150057,tobacco begomovirus - [cuba:granma:2007]
568804,150655,tomato necrotic spot virus
566557,150866,tobacco yellow crinkle virus-[capsicum:cuba:2007]
564945,151086,capsicum begomovirus cuba/2007
564944,151087,tomato yellow distortion leaf virus
563180,151277,jatropha yellow mosaic india virus,VHostDB
559232,151588,tomato leaf curl fontem virus
554021,152073,tomato aspermy virus-gladiolus
552521,152267,tomato leaf curl joydebpur betasatellite-[india:ponduru:kenaf:2007]
552520,152268,tomato leaf curl joydebpur betasatellite-[india:amadalavalasa2:kenaf:2007]
551531,152392,tomato leaf curl kerala virus,VHostDB
548915,152556,tomato leaf curl kumasi virus,VHostDB
546025,152917,chilli leaf curl multan virus,VHostDB
544743,153037,tomato yellow blotch virus,VHostDB
544686,153039,epirus cherry virus,VHostDB
540029,153674,tomato leaf curl gujarat virus - [dhanbad]
537882,153951,tomato yellow leaf curl virus - mild[tokai],VHostDB
537881,153952,tomato yellow leaf curl virus-[tochigi],VHostDB
536086,154130,tomato mild mosaic virus,VHostDB
536085,154131,tomato leaf distortion virus
536084,154132,tomato common mosaic virus,VHostDB
530589,154903,tomato leaf curl new delhi virus - [ageratum: northeast india]
530588,154904,tomato leaf curl new delhi virus - [jatropha:northeast india]
530536,154905,tobacco mottle leaf curl virus
526476,155741,tomato leaf curl palampur virus,VHostDB
519016,156135,pepper leaf curl yunnan virus satellite dna beta,VHostDB
519015,156136,pepper leaf curl yunnan virus-[yn323],VHostDB
511615,157996,sweet potato virus b3
511614,157997,sweet potato virus b2
510517,158245,sweet potato virus b1
507476,158506,tomato leaf curl mindanao virus,VHostDB
507475,158507,tomato leaf curl cotabato virus,VHostDB
507474,158508,tomato leaf curl cebu virus,VHostDB
504808,159547,tomato leaf curl new delhi virus - gorakhpur
503407,159762,tomato yellow leaf curl virus-mild [japan:osuka]
503406,159763,tomato yellow leaf curl virus-mild [japan:daito]
503405,159764,tomato yellow leaf curl virus-mild [japan:kisozaki]
503404,159765,tomato yellow leaf curl virus-mild [japan:atumi]
503403,159766,tomato yellow leaf curl virus-mild [japan:yaizu]
503401,159767,tomato yellow leaf curl virus - mild [japan]
503400,159768,tomato yellow leaf curl virus-israel [japan:misumi:stellaria]
503399,159769,tomato yellow leaf curl virus-israel [japan:omura:eustoma]
503398,159770,tomato yellow leaf curl virus-israel [japan:miyazaki]
503397,159771,tomato yellow leaf curl virus-israel [japan:haruno:2005],VHostDB
503396,159772,tomato yellow leaf curl virus-israel [japan:tosa:2005],VHostDB
501328,159984,tomato leaf curl ghana virus,VHostDB
500468,160159,tobacco curly shoot virus-[lucknow]
500460,160161,tomato begomovirus t217l
499613,160271,tomato leaf curl philippines virus - los banos:l3
499612,160272,tomato leaf curl philippines virus - laguna
492095,161180,petunia vein clearing virus isolate hohn
492094,161181,petunia vein clearing virus isolate shepherd
488508,161485,tobacco leaf curl philippines virus - [bukidnon 41]
488507,161486,tobacco leaf curl philippines virus
488506,161487,tomato leaf curl philippines virus - [nueva viscaya 13]
488505,161488,tomato leaf curl philippines virus - [misamis oriental 31]
488504,161489,tomato leaf curl philippines virus - [laguna 21]
488503,161490,tomato leaf curl philippines virus - [ilocos 42]
488502,161491,tomato leaf curl philippines virus - [ilocos 41]
488501,161492,tomato leaf curl philippines virus - [bulacan 31]
488500,161493,tomato leaf curl philippines virus - [bukidnon 42]
487155,161587,brugmansia suaveolens mottle virus,VHostDB
486649,161613,tobacco ringspot virus - potato calico
485724,161642,melon severe mosaic tospovirus,VHostDB
481538,161968,rotavirus a potato stew/duerrheim15640/2007/deu
480522,162018,tomato leaf curl new delhi virus - india [delhi:carrot:2007]
478087,162342,tomato leaf curl vietnam virus satellite dna beta vrq,VHostDB
478086,162343,tomato leaf curl vietnam virus satellite dna beta vr2,VHostDB
478085,162344,tomato leaf curl vietnam virus satellite dna beta dx2,VHostDB
471285,163061,lettuce yellow mottle virus,VHostDB
470166,163121,tomato marchitez virus,VHostDB
460926,164651,tomato zonate spot virus,VHostDB
452661,166012,tomato leaf curl new delhi virus-[cucumber:thailand]
447604,166187,tomato yellow leaf curl vietnam betasatellite,VHostDB
444180,166545,potato virus y strain (n)w,VHostDB
443746,166674,asparagus virus 1,VHostDB
439426,167046,tomato leaf curl diana virus
439425,167047,tomato leaf curl moheli virus
439424,167048,tomato leaf curl antsiranana virus
439423,167049,tobacco leaf curl comoros virus
439422,167050,tomato leaf curl anjouan virus
439421,167051,tomato leaf curl namakely virus,VHostDB
437063,167728,ageratum yellow vein hualian virus,VHostDB
436289,167740,tomato leaf curl joydebpur virus-[kalyani]
436243,167766,tomato leaf curl joydebpur betasatellite,VHostDB
436242,167767,pepper leaf curl virus satellite dna beta,VHostDB
436241,167768,pepper leaf curl virus isolate varanasi,VHostDB
431615,168098,potato virus y strain boushehr
431040,168105,unclassified tobacco necrosis satellite virus-like
427315,168672,tomato yellow dwarf disease associated satellite dna beta-[kochi],VHostDB
425303,168798,tomato leaf curl seychelles virus,VHostDB
420254,169122,tomato leaf curl rajasthan virus - [india:rajasthan:2005]
420253,169123,tomato leaf curl rajasthan virus
419587,169138,tomato white ringspot virus
418144,169192,tomato leaf curl taiwan virus - [taiwan:hsinchu:c1:2005]
418143,169193,tomato leaf curl hsinchu virus - [taiwan:hsinchu:2005]
417895,169205,tomato leaf curl new delhi virus - india [india:hissar:cotton:2005]
417192,169361,honeysuckle yellow vein mosaic disease associated satellite dna beta,VHostDB
417191,169362,honeysuckle yellow vein mosaic virus-[nara2],VHostDB
417190,169363,honeysuckle yellow vein mosaic virus-[nara1],VHostDB
417189,169364,tobacco leaf curl japan virus-[honeysuckle:ibaraki],VHostDB
414528,169685,chilli ringspot virus,VHostDB
413710,169730,tomato yellow leaf curl virus - [tunisia]
410826,169896,potato apical leaf curl disease-associated satellite dna beta,VHostDB
410603,169897,tomato apex necrosis virus
409287,169968,tobacco leaf curl thailand virus,VHostDB
408092,170092,tomato yellow leaf curl china virus-[yn72],VHostDB
407838,170103,tomato leaf curl pune virus - [india:pune:2005],VHostDB
407837,170104,tomato leaf curl pune virus,VHostDB
407834,170106,tomato leaf curl new delhi virus [pakistan:solanum:1997]
407832,170108,tomato leaf curl bangalore virus - [india:kerala ii:2005]
406088,170622,tomato leaf curl dharwad virus
405558,170626,arracacha mottle virus,VHostDB
404979,170658,tomato leaf curl bangalore virus - [india:kerala iv:2005]
402399,171187,brugmansia mild mottle virus,VHostDB
400835,171435,tomato leaf curl guangdong virus,VHostDB
400396,171500,wild tomato mosaic virus,VHostDB
400124,171626,tomato leaf curl new delhi virus [chilli:bahraich]
400123,171627,cucumber mosaic virus isolate datura
399387,171648,tomato leaf curl hsinchu virus
399384,171649,tomato leaf curl new delhi virus [multan:duranta repens]
398816,171664,tobacco leaf curl cuba virus - [jamaica]
398296,171691,tomato yellow leaf curl sardinia virus-israel,VHostDB
395349,171808,tomato yellow leaf curl indonesia virus-[lembang],VHostDB
394337,171837,tomato leaf curl new delhi virus-[multan:luffa]
393597,171918,tomato leaf curl new delhi virus [pumpkin:new delhi]
392761,171990,tomato leaf curl arusha virus,VHostDB
391337,172053,tomato yellow leaf curl mali virus-[ethiopia]
391090,172055,tomato yellow leaf curl betasatellite,VHostDB
390442,172068,tomato yellow leaf curl vietnam virus,VHostDB
385534,172771,solanum violaefolium ringspot virus
382677,173368,tomato yellow leaf curl china virus -[y264],VHostDB
377609,173876,tomato leaf curl guangxi virus,VHostDB
376613,173903,tomato yellow leaf curl seychelles virus
373058,174155,tomato bushy stunt virus satellite rna
370833,174350,tomato torrado virus,VHostDB
368735,174612,bell pepper mottle virus,VHostDB
367641,174674,tomato mottle leaf curl virus recombinant
366920,174720,tomato mild leaf curl virus - [uberlandia]
366686,174721,tylccnv-[y322] satellite dna beta,VHostDB
366681,174722,tomato yellow leaf curl china virus-[y322],VHostDB
366679,174723,tobacco leaf curl indonesia virus
365523,174735,tomato yellow spot virus,VHostDB
365150,174789,lolium latent virus,VHostDB
361793,175135,tobacco apical stunt mexico virus - [rhynchosia isolate]
355237,175482,tomato yellow leaf curl virus-[thailand]
354328,175519,bell pepper alphaendornavirus,VHostDB
347952,176430,tobacco leaf curl japan virus-[msd]
347951,176431,tobacco leaf curl japan virus-[myz]
347950,176432,tobacco leaf curl japan virus-[fukui]
346672,176484,chilli leaf curl virus-[jessore]
343999,176597,norovirus potato/boeblingen/2003/de
341711,176951,tomato leaf curl pakistan virus,VHostDB
341038,176984,tomato leaf curl philippines virus - [san leonardo]
341035,176985,tomato leaf curl uganda virus - [iganga]
341034,176986,tomato leaf curl uganda virus
340896,176990,chilli leaf curl virus-[pakistan]
337450,177174,tomato leaf curl new delhi virus - bitter gourd
336987,177196,tobacco leaf curl cuba virus,VHostDB
335187,177456,streptocarpus flower break virus,VHostDB
333670,177543,solanum leaf curl virus
329851,177781,tomato yellow leaf curl china virus-[y193]
329850,177782,tomato yellow leaf curl china virus -[y301]
329849,177783,tomato yellow leaf curl china virus -[y194]
329848,177784,tobacco curly shoot virus - [y282]
329847,177785,tobacco curly shoot virus - [y274]
329846,177786,tobacco curly shoot virus - [y272]
329845,177787,tobacco curly shoot virus - [y271]
329844,177788,tobacco leaf curl yunnan virus -[y283]
329843,177789,tobacco leaf curl yunnan virus -[y276]
329842,177790,tobacco leaf curl yunnan virus -[y275]
329841,177791,tobacco leaf curl yunnan virus -[y273]
329840,177792,tobacco leaf curl yunnan virus -[y218]
329826,177806,tomato yellow leaf curl china virus -[y286]
329825,177807,tomato yellow leaf curl china virus -[y285]
329824,177808,tomato yellow leaf curl china virus -[y284]
329823,177809,tomato yellow leaf curl china virus -[y255]
329822,177810,tomato yellow leaf curl china virus -[y254]
329821,177811,tomato yellow leaf curl china virus -[y253]
329400,177860,tomato yellow leaf curl china virus - [y303]
329399,177861,tomato yellow leaf curl china virus - [y302]
329398,177862,tomato yellow leaf curl china virus - [y300]
329397,177863,tomato yellow leaf curl china virus - [y299]
329396,177864,tomato yellow leaf curl china virus - [y251]
329395,177865,tomato yellow leaf curl china virus - [y249]
329394,177866,tomato yellow leaf curl china virus - [y206]
329393,177867,tomato yellow leaf curl china virus - [y205]
329392,177868,tomato yellow leaf curl china virus - [y198]
329391,177869,tomato yellow leaf curl china virus - [y195]
329390,177870,tomato yellow leaf curl china virus - [y190]
329294,177888,tobacco leaf curl yunnan virus-[y283]
329292,177889,tomato yellow leaf curl china virus-[y194]
329164,177904,potato virus p,VHostDB
327387,178038,tropical soda apple mosaic virus,VHostDB
324683,178256,geminivirus isolate tomato morelos
322053,178414,konjac mosaic virus,VHostDB
317720,178665,potato virus y strain wilga 156var,VHostDB
317719,178666,potato virus y strain wilga 156,VHostDB
317718,178667,potato virus y strain wilga,VHostDB
315392,178698,tomato leaf curl virus-pune-associated dna beta,VHostDB
312273,178722,scrophularia mottle virus,VHostDB
312009,178728,nemesia ring necrosis virus,VHostDB
309390,179002,tomato leaf curl joydebpur virus,VHostDB
309385,179003,tomato leaf curl new delhi virus-severe[jessore]
304859,179291,tomato yellow ring virus,VHostDB
303160,179333,datura stramonium potyvirus
302274,179454,datura potyvirus
302100,179457,tomato leaf curl mayotte virus,VHostDB
302099,179458,tomato leaf curl madagascar virus
298974,179572,tobacco bushy top virus satellite-like rna,VHostDB
298973,179573,tobacco bushy top virus isolate baoshan satellite-like rna
297249,179669,tomato yellow leaf curl guangdong virus,VHostDB
296190,179680,tomato golden vein virus
294828,179755,tomato leaf curl las playitas virus
293544,179775,tobacco stunt virus
292477,179809,pepper yellow leaf curl indonesia virus,VHostDB
292476,179810,tomato leaf curl java virus-[magelang]
292475,179811,tomato leaf curl java virus-[purwokerto]
288891,180020,tobacco leaf enation phytoreovirus
284541,180306,tomato yellow leaf curl china virus-[y43],VHostDB
283677,180374,tomato black ring virus (strain mj)
283490,180381,tomato necrosis virus td8
282064,180484,tobacco ringspot virus strain bud blight
278069,180652,tomato leaf curl china betasatellite,VHostDB
273795,180688,tomato leaf curl bangalore virus-cotton [fatehabad]
273001,180766,grapevine angular mosaic virus,VHostDB
270256,180924,eggplant mottled crinkle virus,VHostDB
270255,180925,petunia asteroid mosaic virus,VHostDB
270155,180958,tomato yellow leaf curl virus - mild[spain7297]
270154,180959,tomato yellow leaf curl virus - mild[shizuokua]
270153,180960,tomato yellow leaf curl virus - mild[portugal],VHostDB
270152,180961,tomato yellow leaf curl virus - mild[aichi]
270151,180962,tomato yellow leaf curl virus - mild [spain]
270150,180963,tomato yellow leaf curl virus - gezira
270149,180964,tomato yellow leaf curl virus - [puerto rico]
270148,180965,tomato leaf curl sudan virus - [shambat]
270147,180966,tomato leaf curl sudan virus - [gezira]
270145,180968,tomato leaf curl new delhi virus - [potato]
270144,180969,tomato leaf curl new delhi virus - [pkt5/6]
270143,180970,tomato leaf curl new delhi virus - [pkt1/8]
270142,180971,tomato leaf curl philippines virus - [lb]
270140,180972,tomato leaf curl iran virus,VHostDB
269306,180981,tomato leaf curl gujarat virus - [varanasi],VHostDB
269305,180982,tomato leaf curl gujarat virus - [nepal]
269303,180983,tomato leaf curl china virus - [g32]
269302,180984,tomato leaf curl china virus - [g18]
269301,180985,tomato curly stunt virus - [south africa]
269300,180986,tomato chino la paz virus - [baja california sur]
269284,180987,tobacco leaf curl yunnan virus - [y161],VHostDB
269283,180988,tobacco leaf curl yunnan virus - [y143],VHostDB
269282,180989,tobacco leaf curl yunnan virus - [y136],VHostDB
267288,181115,tomato spotted wilt virus (isolate d)
267287,181116,tomato spotted wilt virus (strain regular2a)
266801,181122,tomato yellow leaf curl kanchanaburi virus-[thailand kan2]
266800,181123,tomato yellow leaf curl kanchanaburi virus-[thailand kan1]
266799,181124,tomato yellow leaf curl kanchanaburi virus,VHostDB
263792,181226,physalis floridana potyvirus
263578,181232,tomato leaf curl java virus-[ageratum] satellite dna
263577,181233,tomato leaf curl java virus-[ageratum],VHostDB
263001,181243,tomato leaf curl java virus,VHostDB
260909,181381,tomato yellow margin leaf curl virus,VHostDB
260908,181382,tomato mosaic leaf curl virus,VHostDB
260479,181403,cotton leaf curl multan virus satellite u36-1,VHostDB
260379,181404,tomato leaf curl mali virus,VHostDB
260378,181405,pepper yellow vein mali virus,VHostDB
260377,181406,tomato yellow leaf curl mali virus,VHostDB
259538,181437,potato virus y strain nnp
257464,181471,potato black ringspot virus,VHostDB
256827,181475,solanum nigrum potyvirus
255066,181600,pepper veinal mottle virus,VHostDB
240559,181952,tobacco leaf curl yunnan virus associated dna 1
240558,181953,tomato yellow leaf curl thailand alphasatellite
240557,181954,tomato yellow leaf curl china alphasatellite,VHostDB
240492,181963,tomato chino la paz virus,VHostDB
239488,181981,tomato chino calandrio baja california virus
232380,182163,tomato yellow leaf curl axarquia virus,VHostDB
229636,182332,tomato leaf curl china virus,VHostDB
228897,182361,sida micrantha mosaic virus,VHostDB
226084,182490,tobacco leaf curl japan virus-[jp3]
225962,182494,sweet potato virus y
223361,182605,tomato severe leaf curl virus-[guatemala 96-1]
223360,182606,tomato rugose mosaic virus-[ube],VHostDB
223359,182607,tomato mottle virus-[florida],VHostDB
223358,182608,tomato mottle taino virus,VHostDB
223357,182609,tomato mosaic havana virus-[quivican],VHostDB
223356,182610,tomato mosaic havana virus,VHostDB
223355,182611,tomato leaf curl virus-[solanum species d2]
223354,182612,tomato leaf curl virus-[solanum species d1]
223353,182613,tomato leaf curl virus-[au]
223352,182614,tomato leaf curl sri lanka virus,VHostDB
223351,182615,tomato leaf curl new delhi virus-severe
223350,182616,tomato leaf curl new delhi virus - mild
223349,182617,tomato leaf curl new delhi virus - [luffa]
223348,182618,tomato leaf curl new delhi virus-[lucknow]
223347,182619,tomato leaf curl new delhi virus,VHostDB
223346,182620,tomato leaf curl malaysia virus,VHostDB
223345,182621,tomato leaf curl laos virus,VHostDB
223344,182622,tomato leaf curl bangladesh virus,VHostDB
223343,182623,tomato golden mottle virus-[gt94-r2]
223342,182624,tomato golden mottle virus,VHostDB
223341,182625,tomato golden mosaic virus-yellow vein,VHostDB
223340,182626,tomato golden mosaic virus-common
223339,182627,tomato chlorotic mottle virus-crumple,VHostDB
223338,182628,tomato chlorotic mottle virus-[brazil],VHostDB
223337,182629,tobacco leaf curl zimbabwe virus,VHostDB
223336,182630,tobacco leaf curl yunnan virus-[y3]
223335,182631,tobacco leaf curl kochi virus-[kk]
223334,182632,tobacco leaf curl kochi virus,VHostDB
223333,182633,tobacco leaf curl japan virus-[jp2]
223332,182634,tobacco leaf curl japan virus,VHostDB
223331,182635,tobacco curly shoot virus - [y1]
223330,182636,sweet potato leaf curl georgia virus-[16]
223328,182638,sri lankan cassava mosaic virus-[colombo],VHostDB
223321,182644,sida yellow vein virus,VHostDB
223316,182649,sida golden mosaic honduras virus,VHostDB
223311,182654,potato yellow mosaic virus-[guadeloupe]
223310,182655,potato yellow mosaic virus - [venezuela],VHostDB
223309,182656,potato yellow mosaic trinidad virus-[trinidad & tobago]
223308,182657,potato yellow mosaic trinidad virus,VHostDB
223307,182658,potato yellow mosaic panama virus,VHostDB
223305,182660,pepper leaf curl bangladesh virus,VHostDB
223303,182662,pepper huasteco yellow vein virus,VHostDB
223301,182664,pepper golden mosaic virus,VHostDB
223281,182680,indian cassava mosaic virus-[maharashtra],VHostDB
223250,182708,tobacco curly shoot virus - [y41],VHostDB
222473,182761,tobacco curly shoot virus - [y35],VHostDB
222451,182777,chilli leaf curl virus-[multan]
222079,182797,ageratum yellow vein sri lanka virus,VHostDB
221543,182832,tomato yellow leaf curl thailand virus-[y72]
221542,182833,tomato yellow leaf curl thailand virus-[myanmar]
221541,182834,tomato yellow leaf curl thailand virus-[1],VHostDB
221540,182835,tomato yellow leaf curl thailand virus-[2],VHostDB
221539,182836,tomato yellow leaf curl sardinia virus-[sicily]
221538,182837,tomato yellow leaf curl sardinia virus-[spain2]
221537,182838,tomato yellow leaf curl sardinia virus-[spain1]
221532,182839,tomato yellow leaf curl china virus-to[y25],VHostDB
221531,182840,tomato yellow leaf curl china virus-tb[y38],VHostDB
221530,182841,tomato yellow leaf curl china virus-tb[y36],VHostDB
221529,182842,tomato yellow leaf curl china virus-tb[y8]
221528,182843,tomato yellow leaf curl china virus-tb[y11]
221527,182844,tomato yellow leaf curl china virus-tb[y10]
221526,182845,tomato yellow leaf curl china virus-tb[y5],VHostDB
221525,182846,tomato yellow leaf curl china virus-[y64],VHostDB
221054,182862,eupatorium yellow vein betasatellite,VHostDB
220944,182919,tomato yellow leaf curl virus - mild,VHostDB
220943,182920,tomato yellow leaf curl virus-iran
220941,182921,tomato yellow leaf curl virus-[dominican republic]
220940,182922,tomato yellow leaf curl virus-[cuba],VHostDB
220938,182923,tomato yellow leaf curl virus-[almeria]
220935,182924,tomato leaf curl bangalore virus-[ban4]
220934,182925,tomato leaf curl bangalore virus-[kolar],VHostDB
220933,182926,tomato leaf curl bangalore virus-[ban5]
220932,182927,tomato leaf curl karnataka virus,VHostDB
220931,182928,tomato leaf curl gujarat virus-[kelloo]
220930,182929,tomato leaf curl gujarat virus-[vadodara]
220812,182932,tomato leaf curl betasatellite,VHostDB
220608,182936,tomato leaf curl bangalore virus,VHostDB
219744,182948,tomato yellow leaf curl malaga virus,VHostDB
219596,182962,tobacco curly shoot betasatellite,VHostDB
219299,182972,tomato leaf curl gujarat virus,VHostDB
218845,182977,tobacco leaf curl yunnan betasatellite,VHostDB
215340,183161,potato apical leaf curl virus
211866,183267,tobacco leaf curl yunnan virus,VHostDB
208293,183358,nigerian tobacco latent virus
208177,183360,tomato leaf curl vietnam virus,VHostDB
208086,183361,moroccan pepper virus,VHostDB
208084,183362,grapevine algerian latent virus,VHostDB
204928,183533,calibrachoa mottle virus,VHostDB
202567,183652,ageratum yellow vein china virus,VHostDB
200392,183705,tomato yellow fruit ring virus
196691,183875,tobacco leaf rugose virus
196095,183937,velvet tobacco mottle virus satellite rna,VHostDB
196093,183939,tomato leaf curl taiwan virus,VHostDB
196089,183940,tomato black ring virus satellite rna
195061,183957,solanum nodiflorum mottle virus satellite rna
195060,183958,potato yellow dwarf nucleorhabdovirus,VHostDB
192203,184151,tobacco vein distorting virus,VHostDB
191461,184172,tomato crinkle yellow leaf virus,VHostDB
190060,184203,tobacco necrosis virus (nebraska)
190059,184204,tobacco necrosis virus (toyama)
187978,184239,peru tomato mosaic virus,VHostDB
187977,184240,wild potato mosaic virus,VHostDB
187297,184257,pernambuco tomato geminivirus
185793,184429,tomato yellow leaf curl china virus,VHostDB
185750,184434,ageratum yellow vein betasatellite,VHostDB
184021,184466,tobacco vein distorting polerovirus
184020,184467,tobacco bushy top virus,VHostDB
182275,184550,tomato begomovirus tulear 1
180526,184589,tobacco curly shoot virus,VHostDB
178599,184619,tomato mild mottle virus
175814,184740,cestrum yellow leaf curling virus,VHostDB
172395,184867,tomato crinkle virus
172394,184868,tomato mottle leaf curl virus,VHostDB
172392,184870,tomato severe mosaic virus
172391,184871,tomato chlorotic mottle virus,VHostDB
172390,184872,tomato chlorotic vein virus
172278,184882,chilli leaf curl virus,VHostDB
167947,185159,lettuce necrotic stunt virus,VHostDB
163325,185358,capsicum chlorosis virus,VHostDB
160358,185435,pepper yellow mosaic virus,VHostDB
158463,185561,tomato severe rugose virus,VHostDB
147306,186046,petunia vein banding virus
141864,186213,tobacco necrosis satellite virus-like
138982,186249,potato latent virus,VHostDB
138314,186278,tomato mosaic virus (strain s-1)
138313,186279,tomato mosaic virus (strain korean)
138312,186280,tomato mosaic virus (strain kazakh k2)
138311,186281,tomato mosaic virus (strain kazakh k1)
138310,186282,tobacco mosaic virus strain rakkyo
138309,186283,tobacco mosaic virus strain b395a
136138,186341,tobacco mottle virus
135757,186346,defective interfering rna-5 of tomato bushy stunt virus
135756,186347,defective interfering rna-4 of tomato bushy stunt virus
135750,186348,tomato bushy stunt virus satellite rna b10
135749,186349,tomato bushy stunt virus satellite rna b1
128941,186677,tomato curly stunt virus,VHostDB
123735,186761,tomato yellow leaf curl sardinia virus,VHostDB
122280,186789,potato virus y strain ntn,VHostDB
113553,186980,poinsettia mosaic virus,VHostDB
112229,186995,pepino mosaic virus,VHostDB
110582,187016,tomato mosaic barbados virus
107324,187164,tobacco vein clearing virus,VHostDB
106118,187194,potato rough dwarf virus,VHostDB
103881,187303,potato yellow vein virus,VHostDB
99585,187388,frangipani mosaic virus,VHostDB
99478,187399,tomato rugose mosaic virus - [uberlandia]
96892,187479,nanovirus-like particle,VHostDB
96054,187484,tomato leaf curl philippines virus,VHostDB
95525,187491,tomato yellow mosaic virus
92963,187533,tomato severe leaf curl virus,VHostDB
92943,187534,tomato mild yellow mottle virus - [honduras 96 - h5kw]
91749,187546,thailand tomato tospovirus
91613,187549,colombian datura virus,VHostDB
86502,187633,tomato yellow mottle virus,VHostDB
85752,187645,tomato yellow leaf curl thailand virus,VHostDB
83871,187679,chrysanthemum stem necrosis virus,VHostDB
83839,187680,pepper leaf curl virus,VHostDB
79256,187775,tobacco apical stunt virus
77767,187799,tobacco geminivirus
77028,187814,physalis severe mottle virus
73819,187870,andean potato latent virus,VHostDB
73488,187878,potato virus x (strain hb)
72750,187899,beet pseudoyellows virus,VHostDB
72539,187907,physalis mottle virus,VHostDB
71439,187983,petunia flower mottle virus
71186,187985,tomato leaf curl sinaloa virus,VHostDB
70823,187991,dulcamara mottle virus,VHostDB
70822,187992,okra mosaic virus,VHostDB
70696,188002,jamaican tomato infecting geminivirus
70694,188004,bipartite tomato geminivirus
70176,188014,tomato dwarf leaf curl virus
70159,188017,tomato bushy stunt virus (strain type)
70158,188018,tomato bushy stunt virus (strain ja9)
70157,188019,tomato bushy stunt virus (strain ja6)
70156,188020,tomato bushy stunt virus (strain a23)
70155,188021,tomato bushy stunt virus (strain b8)
67762,188129,tobacco leaf curl virus,VHostDB
67754,188131,tomato chlorosis virus,VHostDB
66366,188143,tomato yellow leaf curl virus - il,VHostDB
64958,188163,parietaria mottle virus,VHostDB
60714,188491,galinsoga mosaic virus,VHostDB
59504,188515,petunia vein clearing virus,VHostDB
55517,188582,chilli vein-banding mottle virus
55216,188585,tomato yellow vein streak virus,VHostDB
53991,188597,tomato leaf curl java betasatellite
53481,188612,tomato leaf curl tanzania virus
52280,188635,chilli veinal mottle virus,VHostDB
52135,188639,tomato infectious chlorosis virus,VHostDB
51680,188640,ribgrass mosaic virus,VHostDB
51617,188644,grapevine virus d,VHostDB
49267,188670,tomato pseudo-curly top virus,VHostDB
47838,188699,chino del tomate virus,VHostDB
47669,188706,olive latent virus 1,VHostDB
44562,188851,pothos latent virus,VHostDB
41460,188962,yam mosaic virus,VHostDB
40640,188971,potato virus v,VHostDB
39721,189056,sweet potato sunken vein virus
37139,189196,tomato yellow leaf curl virus - [murcia]
37128,189204,potato mop-top virus,VHostDB
36416,189248,tomato spotted wilt virus (strain hawaiian)
36415,189249,tomato spotted wilt virus (strain bulgarian l3)
36413,189250,tomato spotted wilt virus (strain brazilian br-01)
36403,189259,potato virus t,VHostDB
36395,189265,sweet potato feathery mottle virus (strain ch)
35289,189373,grapevine virus b,VHostDB
35288,189374,grapevine virus a,VHostDB
35281,189380,paprika mild mottle virus,VHostDB
33773,189417,olive latent virus 2,VHostDB
33766,189421,tobacco rattle virus-plb
33765,189422,tobacco vein banding mosaic virus,VHostDB
32610,189496,tomato geminivirus
31749,189523,obuda pepper virus,VHostDB
31748,189524,tomato mosaic virus (strain liia)
31747,189525,tomato mosaic virus (strain lii)
31746,189526,tobacco mosaic virus strain korean
31739,189532,potato virus y strain hungarian
31726,189544,potato virus x (strain uk3)
31710,189558,potato virus m (german isolate)
31623,189625,tomato spotted wilt virus (brazilian isolate cpnh1/br-01)
31599,189648,tobacco yellow dwarf virus (strain australia)
31504,189714,tobacco ringspot virus satellite rna
28350,189753,tomato leaf curl virus,VHostDB
12881,189787,satellite tobacco mosaic virus,VHostDB
12851,189790,tomato chlorotic spot virus,VHostDB
12473,189842,velvet tobacco mottle virus,VHostDB
12471,189844,solanum nodiflorum mottle virus,VHostDB
12445,189856,satellite tobacco necrosis virus 1
12444,189857,satellite tobacco necrosis virus 2
12318,189928,tobacco streak virus (strain wc)
12315,189931,tomato aspermy virus,VHostDB
12299,189947,tobacco rattle virus-tcm
12298,189948,tobacco rattle virus-sym
12297,189949,tobacco rattle virus-psg
12296,189950,tobacco rattle virus-cam
12292,189954,nicotiana velutina mosaic virus
12281,189963,tomato ringspot virus (isolate raspberry)
12278,189965,tomato black ring virus (strain l)
12277,189966,tomato black ring virus (strain e)
12276,189967,tomato black ring virus (strain c)
12259,189982,andean potato mottle virus
12253,189986,tomato mosaic virus,VHostDB
12252,189987,tobacco mosaic virus strain tomato/l
12251,189988,tobacco mosaic virus strain om
12250,189989,tobacco mosaic virus (strain o)
12249,189990,tobacco mosaic virus strain kokubu
12248,189991,tobacco mosaic virus strain hr
12247,189992,tobacco mosaic virus strain er
12246,189993,tobacco mosaic virus strain dahlemense
12244,189994,tobacco mosaic virus strain 06
12243,189995,tobacco mosaic virus (vulgare)
12242,189996,tobacco mosaic virus,VHostDB
12241,189997,tobacco mild green mosaic virus,VHostDB
12227,190010,tobacco etch virus,VHostDB
12221,190016,potato virus y strain yo
12220,190017,potato virus y strain o,VHostDB
12219,190018,potato virus y strain n
12218,190019,potato virus y strain chinese isolate
12217,190020,potato virus y strain c,VHostDB
12216,190021,potato virus y,VHostDB
12215,190022,potato virus a,VHostDB
12210,190027,pepper severe mosaic virus,VHostDB
12209,190028,pepper mottle virus,VHostDB
12186,190048,potato virus x (strain xc)
12185,190049,potato virus x (strain x3)
12184,190050,potato virus x (strain cp)
12182,190052,potato aucuba mosaic virus,VHostDB
12170,190064,potato virus s (strain peruvian)
12169,190065,potato virus s,VHostDB
12168,190066,potato virus m (strain russian)
12167,190067,potato virus m,VHostDB
12151,190081,eggplant mosaic virus,VHostDB
12147,190085,tomato bushy stunt virus (strain cherry)
12146,190086,tomato bushy stunt virus (strain bs-3)
12144,190088,cymbidium ringspot virus,VHostDB
12054,190169,unidentified tobacco necrosis virus
12048,190173,potato leafroll virus (strain wageningen)
12047,190174,potato leafroll virus (strain rowhani)
12046,190175,potato leafroll virus (strain 1)
12045,190176,potato leafroll virus,VHostDB
11615,190484,tomato spotted wilt virus (hawaiian isolate)
11307,190579,sonchus yellow net nucleorhabdovirus,VHostDB
10835,190961,tomato mottle virus,VHostDB
10831,190964,tomato golden mosaic virus,VHostDB
10830,190965,tobacco yellow dwarf virus,VHostDB
10827,190967,potato yellow mosaic virus,VHostDB
