1923275,21394,hubei tombus-like virus 28,VHostDB
1923274,21395,hubei tombus-like virus 27,VHostDB
1923251,21418,hubei tetragnatha maxillosa virus 9
1923249,21420,hubei tetragnatha maxillosa virus 7,VHostDB
1923248,21421,hubei tetragnatha maxillosa virus 6,VHostDB
1923247,21422,hubei tetragnatha maxillosa virus 5,VHostDB
1923245,21424,hubei tetragnatha maxillosa virus 3,VHostDB
1923221,21448,hubei sobemo-like virus 34,VHostDB
1923149,21520,hubei picorna-like virus 66,VHostDB
1923147,21522,hubei picorna-like virus 64,VHostDB
1923140,21529,hubei picorna-like virus 58,VHostDB
1922959,21710,hubei narna-like virus 5,VHostDB
