2182406,191,mycobacterium phage relief
2182403,194,mycobacterium phage priamo
2182402,195,mycobacterium phage pipcraft
2182401,196,mycobacterium phage phrankreynolds
2182398,199,mycobacterium phage mattes
2182395,202,gordonia phage easley
2182394,203,mycobacterium phage byougenkin
2182393,204,mycobacterium phage bobaphett
2182392,205,mycobacterium phage beauxregard13
2182361,206,rhodococcus phage peregrin
2182360,207,rhodococcus phage jace
2182359,208,rhodococcus phage grayson
2182349,218,gordonia phage sour
2182347,219,gordonia phage petra
2178923,231,mycobacterium phage xavia
2178922,232,mycobacterium phage oogway
2178921,233,mycobacterium phage northstar
2178920,234,mycobacterium phage conceptii
2178919,235,mycobacterium phage cheeto
2178918,236,mycobacterium phage banjo
2163598,442,mycobacterium phage tchen
2163597,443,mycobacterium phage phish
2163596,444,mycobacterium phage pghhamlin
2163595,445,mycobacterium phage olive
2163594,446,mycobacterium phage nemo27
2163593,447,mycobacterium phage melissauren88
2163592,448,mycobacterium phage halley
2163591,449,mycobacterium phage dilltech15
2163590,450,mycobacterium phage alishaph
2163589,451,mycobacterium phage abbypaige
2126958,558,mycobacterium phage interfolia
2126957,559,mycobacterium phage tyke
2126956,560,mycobacterium phage tnguyen7
2126955,561,mycobacterium phage samscheppers
2126954,562,mycobacterium phage owlst2w
2126953,563,mycobacterium phage midas2
2126952,564,mycobacterium phage leston
2126951,565,mycobacterium phage jabiru
2126950,566,mycobacterium phage greedylawyer
2126949,567,mycobacterium phage duchessdung
2126948,568,mycobacterium phage coog
2126947,569,mycobacterium phage boyle
2126946,570,mycobacterium phage bigphil
2126945,571,mycobacterium phage annyong
2126944,572,mycobacterium phage actinup
2126943,573,mycobacterium phage fameo
2126937,574,mycobacterium phage schiebel
2126817,591,mycobacterium phage superawesome
2126816,592,mycobacterium phage naca
2126815,593,mycobacterium phage lilith
2126814,594,mycobacterium phage jsquared
2126813,595,mycobacterium phage gageap
2126812,596,mycobacterium phage batiatus
2126811,597,mycobacterium phage tootsiepop
2126810,598,mycobacterium phage misha28
2126809,599,mycobacterium phage lopton
2126808,600,gordonia phage fenry
2126807,601,mycobacterium phage mikeliesin
2126806,602,mycobacterium phage yahalom
2126805,603,mycobacterium phage cobra
2126791,606,mycobacterium phage skipitt
2126790,607,mycobacterium phage schoolbus
2126789,608,mycobacterium phage panamaxus
2126788,609,mycobacterium phage sgtbeansprout
2126787,610,mycobacterium phage mphalcon
2126786,611,mycobacterium phage bigmama
2126785,612,gordonia phage hail2pitt
2126784,613,gordonia phage djokovic
2126723,618,mycobacterium phage puppy
2126722,619,mycobacterium phage pistachio
2108132,931,mycobacterium phage unclericky
2108131,932,mycobacterium phage smeagol
2108130,933,mycobacterium phage remy19
2108129,934,mycobacterium phage nilo
2108128,935,mycobacterium phage nairb
2108127,936,mycobacterium phage moomoo
2108126,937,mycobacterium phage megabear
2108125,938,mycobacterium phage kittenmittens
2108124,939,mycobacterium phage kheth
2108123,940,mycobacterium phage jeon
2108122,941,mycobacterium phage cled96
2108121,942,mycobacterium phage adonis
2108120,943,gordonia phage waits
2108119,944,mycobacterium phage rivermonster
2108118,945,mycobacterium phage fascinus
2099646,977,mycobacterium phage bob3
2099645,978,mycobacterium phage baloo
2099642,980,mycobacterium phage oliverwalter
2099641,981,mycobacterium phage olanp
2099640,982,mycobacterium phage ogopogo
2099639,983,mycobacterium phage nozo
2099638,984,mycobacterium phage mosaic
2099637,985,mycobacterium phage mendokysei
2099636,986,mycobacterium phage megatron
2099635,987,mycobacterium phage mplant7149
2099634,988,mycobacterium phage leelot
2099633,989,mycobacterium phage ichabod
2099632,990,mycobacterium phage forsytheast
2099631,991,mycobacterium phage corvo
2099630,992,mycobacterium phage chunky
2099629,993,mycobacterium phage chaching
2099628,994,mycobacterium phage epicphail
2099452,1002,mycobacterium phage xavier
2099451,1003,mycobacterium phage wander
2099450,1004,mycobacterium phage trypo
2099449,1005,mycobacterium phage scowl
2099448,1006,mycobacterium phage ruotula
2099447,1007,mycobacterium phage phacado
2094144,1038,rhodococcus phage finch
2094143,1039,mycobacterium phage alexphander
2094141,1041,mycobacterium phage thumb
2094140,1042,mycobacterium phage professorx
2094139,1043,mycobacterium phage paola
2094138,1044,mycobacterium phage morrow
2094137,1045,mycobacterium phage mcguire
2094136,1046,mycobacterium phage laterm
2094135,1047,mycobacterium phage kykar
2094134,1048,gordonia phage kerry
2094133,1049,gordonia phage gravy
2094131,1051,mycobacterium phage doesntmatter
2094130,1052,mycobacterium phage deby
2094129,1053,mycobacterium phage batteryck
2094128,1054,mycobacterium phage altphacts
2081630,1120,mycobacterium phage lifesavor
2081629,1121,mycobacterium phage sotrice96
2081628,1122,mycobacterium phage scherzo
2081627,1123,mycobacterium phage priscilla
2081626,1124,mycobacterium phage phonnegut
2081625,1125,mycobacterium phage jangdynasty
2081624,1126,mycobacterium phage gage
2081623,1127,mycobacterium phage fajezeel
2081622,1128,mycobacterium phage conquerage
2081621,1129,gordonia phage confidence
2081620,1130,mycobacterium phage beesknees
2081619,1131,mycobacterium phage barbarian
2081618,1132,mycobacterium phage asriel
2079593,1161,mycobacterium phage ragingrooster
2079573,1178,mycobacterium phage nuevomundo
2079572,1179,mycobacterium phage pier
2079571,1180,mycobacterium phage pippin
2079570,1181,gordonia phage sallyspecial
2079569,1182,mycobacterium phage lambert1
2079568,1183,mycobacterium phage itsybitsy1
2079567,1184,mycobacterium phage holeinone
2079566,1185,mycobacterium phage greg
2079565,1186,mycobacterium phage frankie
2079564,1187,gordonia phage brandonk123
2079563,1188,mycobacterium phage acme
2079425,1206,mycobacterium phage tesla
2079424,1207,mycobacterium phage phergie
2079423,1208,mycobacterium phage phenghiskhan
2079422,1209,mycobacterium phage opia
2079421,1210,mycobacterium phage lugya
2079420,1211,mycobacterium phage kimchi
2079419,1212,mycobacterium phage jangophett
2079418,1213,mycobacterium phage highstump
2079417,1214,mycobacterium phage cuke
2079416,1215,gordonia phage supersulley
2079415,1216,gordonia phage flapper
2079414,1217,gordonia phage boneham
2079413,1218,gordonia phage adgers
2079397,1234,gordonia phage beenie
2079285,1246,mycobacterium phage rem711
2079284,1247,mycobacterium phage oldben
2079283,1248,mycobacterium phage haimas
2079282,1249,gordonia phage troje
2079281,1250,gordonia phage stevefrench
2079280,1251,gordonia phage flakey
2077150,1324,mycobacterium phage swu2
2077135,1325,mycobacterium phage hc
2077134,1326,mycobacterium phage pp
2077133,1327,mycobacterium phage b1
2072012,1495,mycobacterium phage y20
2072011,1496,mycobacterium phage y2
2072010,1497,mycobacterium phage y10
2072006,1499,mycobacterium phage bk1
2072005,1500,mycobacterium phage c3
2072004,1501,mycobacterium phage gs4e
2072003,1502,mycobacterium phage a6
2070497,1566,mycobacterium phage pr
2070496,1567,mycobacterium phage d12
2052822,3260,corynebacterium phage phi674
2052821,3261,corynebacterium phage phi673
2049886,4249,gordonia virus vendetta
2047874,4626,mycobacterium phage thespis
2047873,4627,gordonia phage mahdia
2047872,4628,gordonia phage gustav
2047871,4629,corynebacterium phage zion
2047870,4630,corynebacterium phage potatochip
2047869,4631,corynebacterium phage darwin
2047868,4632,corynebacterium phage c3po
2047847,4636,mycobacterium phage youngblood
2047846,4637,mycobacterium phage wunderphul
2047845,4638,mycobacterium phage wilkins
2047844,4639,mycobacterium phage phlorence
2047843,4640,mycobacterium phage philonius
2047842,4641,mycobacterium phage ph8s
2047841,4642,mycobacterium phage louisv14
2047840,4643,mycobacterium phage koko
2047839,4644,mycobacterium phage forgetit
2047838,4645,mycobacterium phage familton
2047837,4646,mycobacterium phage blackmoor
2047836,4647,mycobacterium phage archetta
2047835,4648,mycobacterium phage aragog
2047834,4649,mycobacterium phage andies
2047833,4650,mycobacterium phage agentm
2047832,4651,gordonia phage bjanes7
2047831,4652,gordonia phage birksandsocks
2047830,4653,gordonia phage bentherdunthat
2047829,4654,gordonia phage anamika
2041557,5720,mycobacterium phage yassjohnny
2041556,5721,mycobacterium phage willez
2041555,5722,mycobacterium phage virapocalypse
2041554,5723,mycobacterium phage updawg
2041553,5724,mycobacterium phage tipsythetrex
2041552,5725,mycobacterium phage terminus
2041551,5726,mycobacterium phage superphikiman
2041550,5727,mycobacterium phage sulley
2041549,5728,mycobacterium phage snaptap
2041548,5729,mycobacterium phage sheila
2041547,5730,mycobacterium phage sassay
2041546,5731,mycobacterium phage phunky
2041545,5732,mycobacterium phage phox
2041544,5733,mycobacterium phage phasih
2041543,5734,mycobacterium phage murica
2041542,5735,mycobacterium phage mikota
2041541,5736,mycobacterium phage missy
2041540,5737,mycobacterium phage longacauda
2041539,5738,mycobacterium phage lilpharaoh
2041538,5739,mycobacterium phage lilhazelnut
2041537,5740,mycobacterium phage koguma
2041536,5741,mycobacterium phage klein
2041535,5742,mycobacterium phage kailash
2041534,5743,mycobacterium phage jetblade
2041533,5744,mycobacterium phage ileekay
2041532,5745,mycobacterium phage horchata
2041531,5746,mycobacterium phage firered
2041530,5747,mycobacterium phage dmpstrdiver
2041529,5748,mycobacterium phage dingo
2041528,5749,mycobacterium phage demsculpinboyz
2041527,5750,mycobacterium phage dalmatian
2041526,5751,mycobacterium phage daffodil
2041525,5752,mycobacterium phage daworst
2041524,5753,mycobacterium phage cindaradix
2041523,5754,mycobacterium phage chance64
2041522,5755,mycobacterium phage cerulean
2041521,5756,mycobacterium phage bigswole
2041520,5757,mycobacterium phage beanwater
2041519,5758,mycobacterium phage audrick
2041518,5759,mycobacterium phage arib1
2041517,5760,mycobacterium phage anselm
2041516,5761,gordonia phage toniann
2041515,5762,gordonia phage patio
2041514,5763,gordonia phage lysidious
2041513,5764,gordonia phage lozinak
2041512,5765,gordonia phage lennon
2041511,5766,gordonia phage kabluna
2041344,5803,mycobacterium phage kumao
2040289,5884,mycobacterium phage okcentral2016
2027905,7490,rhodococcus phage trina
2027904,7491,mycobacterium phage wiks
2027903,7492,mycobacterium phage wachhund
2027902,7493,mycobacterium phage squint
2027901,7494,mycobacterium phage smairt
2027900,7495,mycobacterium phage ritag
2027899,7496,mycobacterium phage phabba
2027898,7497,mycobacterium phage morpher26
2027897,7498,mycobacterium phage madammonkfish
2027896,7499,mycobacterium phage lulumae
2027895,7500,mycobacterium phage gideon
2027894,7501,mycobacterium phage geralt
2027893,7502,mycobacterium phage emma
2027892,7503,mycobacterium phage drake55
2027891,7504,mycobacterium phage aroostook
2027890,7505,mycobacterium phage apocalypse
2027889,7506,gordonia phage shayra
2026083,7768,nocardia phage ntr1
2024303,8105,mycobacterium phage myradee
2024302,8106,mycobacterium phage avocado
2024298,8108,mycobacterium phage treykay
2024297,8109,mycobacterium phage misswhite
2024296,8110,mycobacterium phage majeke
2024295,8111,mycobacterium phage kimona
2024294,8112,mycobacterium phage joshkayv
2024280,8126,rhodococcus phage yoncess
2024254,8138,rhodococcus phage bonanza
2024010,8256,mycobacterium phage genevab15
2024005,8259,mycobacterium phage bella96
2023958,8269,mycobacterium phage lemonslice
2023953,8270,mycobacterium phage spoonbill
2015891,9433,mycobacterium phage wintermute
2015890,9434,mycobacterium phage tachez
2015889,9435,mycobacterium phage slimphazie
2015888,9436,mycobacterium phage nicholasp3
2015887,9437,mycobacterium phage nicholas
2015886,9438,mycobacterium phage lasthope
2015885,9439,mycobacterium phage krypton555
2015884,9440,mycobacterium phage kingsolomon
2015883,9441,mycobacterium phage jeckyll
2015882,9442,mycobacterium phage findley
2015881,9443,mycobacterium phage et2brutus
2015880,9444,mycobacterium phage dismalfunk
2015879,9445,mycobacterium phage darthp
2015878,9446,mycobacterium phage clautastrophe
2015877,9447,mycobacterium phage changeling
2015876,9448,mycobacterium phage chancellor
2015875,9449,mycobacterium phage bartholomew
2015874,9450,mycobacterium phage amohnition
2015851,9472,corynebacterium phage poushou
2015850,9473,mycobacterium phage stepmih
2015849,9474,mycobacterium phage stagni
2015848,9475,mycobacterium phage peanam
2015847,9476,mycobacterium phage miley16
2015846,9477,mycobacterium phage kady
2015845,9478,mycobacterium phage guillsminger
2015844,9479,mycobacterium phage finemlucis
2015843,9480,mycobacterium phage edugator
2015842,9481,mycobacterium phage bobswaget
2015841,9482,mycobacterium phage appletree2
2015840,9483,mycobacterium phage alleycat
2015833,9490,mycobacterium phage ksquared
2015832,9491,rhodococcus phage stcroix
2015831,9492,rhodococcus phage rexfury
2015830,9493,rhodococcus phage naiad
2015829,9494,rhodococcus phage krishelle
2015828,9495,rhodococcus phage hiro
2015827,9496,rhodococcus phage applecloud
2015826,9497,rhodococcus phage alatin
2015825,9498,mycobacterium phage unicorn
2015824,9499,mycobacterium phage sirphilip
2015823,9500,mycobacterium phage phrank
2015822,9501,mycobacterium phage phelpsodu
2015821,9502,mycobacterium phage lokk
2015820,9503,mycobacterium phage krueger
2015819,9504,mycobacterium phage guuelad
2015818,9505,mycobacterium phage cain
2015817,9506,mycobacterium phage amgine
2015812,9510,rhodococcus phage jester
2015811,9511,mycobacterium phage stevieray
2015810,9512,mycobacterium phage hurricane
2015809,9513,mycobacterium phage fred313
2014350,9831,mycobacterium phage bogie
2014349,9832,mycobacterium phage lucky2013
2006926,11116,mycobacterium phage zentime222
2006923,11119,mycobacterium phage porcelain
2006145,11245,mycobacterium virus rosebush
2006139,11246,mycobacterium virus sebata
2006138,11247,mycobacterium virus nappy
2006137,11248,mycobacterium virus i3
2006136,11249,mycobacterium virus hyro
2006135,11250,mycobacterium virus dandelion
2006134,11251,mycobacterium virus bxz1
2006133,11252,mycobacterium virus alice
2003506,11935,mycobacterium virus charlie
2003505,11936,mycobacterium virus redi
2003504,11937,mycobacterium virus redrock
2003503,11938,mycobacterium virus ridgecb
2003502,11939,mycobacterium virus rockstar
1993889,12101,mycobacterium virus shauna1
1993888,12102,mycobacterium virus shilan
1993887,12103,mycobacterium virus sirduracell
1993886,12104,mycobacterium virus skipole
1993885,12105,mycobacterium virus solon
1993884,12106,mycobacterium virus spartacus
1993883,12107,mycobacterium virus switzer
1993882,12108,mycobacterium virus swu1
1993881,12109,mycobacterium virus ta17a
1993880,12110,mycobacterium virus taj
1993879,12111,mycobacterium virus thibault
1993876,12112,mycobacterium virus tiger
1993873,12113,mycobacterium virus timshel
1993872,12114,mycobacterium virus tm4
1993871,12115,mycobacterium virus toto
1993867,12116,mycobacterium virus trixie
1993865,12117,mycobacterium virus turbido
1993864,12118,mycobacterium virus tweety
1993863,12119,mycobacterium virus twister
1993862,12120,mycobacterium virus u2
1993861,12121,mycobacterium virus violet
1993860,12122,mycobacterium virus wee
1993859,12123,mycobacterium virus wildcat
1986540,12537,mycobacterium virus suffolk
1986538,12538,mycobacterium virus pg1
1986350,12553,mycobacterium virus oline
1983751,13108,mycobacterium virus rey
1983750,13109,mycobacterium virus bongo
1983742,13111,mycobacterium virus phayonce
1983741,13112,mycobacterium virus malithi
1983740,13113,mycobacterium virus jebeks
1983739,13114,mycobacterium virus fishburne
1983738,13115,mycobacterium virus donovan
1983737,13116,mycobacterium virus brusacoram
1983736,13117,mycobacterium virus bignuz
1983577,13157,mycobacterium phage purplehaze
1983576,13158,mycobacterium phage pippy
1983575,13159,mycobacterium phage heffalump
1983574,13160,mycobacterium phage blackstallion
1983573,13161,mycobacterium phage zenon
1983447,13197,mycobacterium phage shandong1
1983408,13200,mycobacterium phage journey13
1983120,13255,mycobacterium virus zemanar
1983119,13256,mycobacterium virus stinger
1983118,13257,mycobacterium virus nigel
1983117,13258,mycobacterium virus cooper
1983116,13259,mycobacterium virus chrisnmich
1983110,13260,mycobacterium virus vincenzo
1983109,13261,mycobacterium virus bane1
1983108,13262,mycobacterium virus browncna
1983107,13263,mycobacterium virus jamal
1983106,13264,mycobacterium virus adawi
1982929,13265,mycobacterium virus manad
1982928,13266,mycobacterium virus soto
1982927,13267,mycobacterium virus osmaximus
1982926,13268,mycobacterium virus apizium
1982918,13269,mycobacterium virus pipefish
1982917,13270,mycobacterium virus gadjet
1982916,13271,mycobacterium virus athena
1982905,13272,mycobacterium virus bernardo
1982904,13273,mycobacterium virus godines
1982903,13274,mycobacterium virus reprobate
1982902,13275,mycobacterium virus baee
1982901,13276,mycobacterium virus acadian
1982751,13303,gordonia virus woes
1982750,13304,gordonia virus monty
1982749,13305,gordonia virus hotorobo
1982572,13353,tsukamurella virus tin4
1982571,13354,tsukamurella virus tin3
1982570,13355,tsukamurella virus tin2
1982563,13361,gordonia virus soups
1982561,13363,gordonia virus smoothie
1982560,13364,gordonia virus oneup
1982559,13365,gordonia virus clubl
1982558,13366,gordonia virus bachita
1982556,13368,mycobacterium virus send513
1982555,13369,mycobacterium virus papyrus
1982376,13392,rhodococcus virus rer2
1982369,13399,rhodococcus virus poco6
1982368,13400,rhodococcus virus pepy6
1982366,13402,mycobacterium virus pbi1
1982365,13403,mycobacterium virus predator
1982364,13404,mycobacterium virus konstantine
1982363,13405,mycobacterium virus barnyard
1982360,13406,mycobacterium virus patience
1982219,13488,gordonia virus gordtnk2
1982151,13493,mycobacterium virus giles
1982148,13495,mycobacterium virus gaia
1982109,13499,gordonia virus kvothe
1982108,13500,gordonia virus katyusha
1982107,13501,gordonia virus demosthenes
1982102,13505,mycobacterium virus bernal13
1982093,13513,mycobacterium virus mosmoris
1982092,13514,mycobacterium virus marvin
1975614,14732,rhodococcus phage toil
1972440,15005,corynebacterium phage lgcm-v9
1972439,15006,corynebacterium phage lgcm-v8
1972438,15007,corynebacterium phage lgcm-v7
1972437,15008,corynebacterium phage lgcm-v6
1972436,15009,corynebacterium phage lgcm-v5
1972435,15010,corynebacterium phage lgcm-v4
1972434,15011,corynebacterium phage lgcm-v3
1972433,15012,corynebacterium phage lgcm-v2
1970794,15334,mycobacterium phage kingsley
1970789,15335,mycobacterium phage gardensalsa
1965535,15615,corynebacterium phage ime1320_01
1965451,15660,mycobacterium phage chorkpop
1965283,15696,corynebacterium phage lgcm-vi
1959484,16867,mycobacterium phage jabith
1958911,17092,mycobacterium phage tinafeyge
1958910,17093,mycobacterium phage sassyb
1958909,17094,gordonia phage huffy
1958908,17095,gordonia phage dinodaryn
1958895,17097,mycobacterium phage idleandcovert
1955426,17134,rhodococcus phage bobbydazzler
1955425,17135,rhodococcus phage angryorchard
1955424,17136,mycobacterium phage tinybot
1955423,17137,mycobacterium phage maxxinista
1933771,19203,mycobacterium phage simranz1
1933770,19204,mycobacterium phage eniyanlrs
1933691,19208,mycobacterium phage imtiyazsitla
1933690,19209,mycobacterium phage maskar
1933689,19210,mycobacterium phage ashraf
1932895,19312,mycobacterium phage bubbles123
1932894,19313,mycobacterium phage crystalp
1932363,19508,mycobacterium phage crew
1930080,19968,mycobacterium phage zephyr
1927030,20394,mycobacterium phage thanksgivukkah
1927029,20395,mycobacterium phage kratark
1927028,20396,mycobacterium phage kfpoly
1927027,20397,mycobacterium phage joongjeon
1927026,20398,mycobacterium phage funston
1927025,20399,mycobacterium phage clarenza
1927024,20400,mycobacterium phage camperdownii
1927023,20401,mycobacterium phage bubbletrouble
1927022,20402,corynebacterium phage phi16
1927021,20403,mycobacterium phage rich
1927020,20404,mycobacterium phage mrmagoo
1927019,20405,mycobacterium phage blue
1927018,20406,mycobacterium phage petruchio
1920752,22771,mycobacterium virus muddy
1920751,22772,mycobacterium virus ff47
1920305,22796,mycobacterium phage taptic
1920298,22797,mycobacterium phage hammy
1917488,23262,mycobacterium phage mitti
1916121,23637,mycobacterium phage prann
1916120,23638,mycobacterium phage leoavram
1916117,23639,mycobacterium phage palestino
1916116,23640,mycobacterium phage millski
1916115,23641,mycobacterium phage eris
1916114,23642,mycobacterium phage bruiser
1916113,23643,mycobacterium phage achebe
1916112,23644,mycobacterium phage abdiel
1913118,24092,mycobacterium phage empress
1913110,24098,mycobacterium phage starstuff
1913044,24110,mycobacterium phage lukilu
1913043,24111,mycobacterium phage tuco
1913042,24112,mycobacterium phage littleb
1913041,24113,mycobacterium phage albee
1913038,24116,mycobacterium phage supergrey
1913037,24117,mycobacterium phage sabinator
1913036,24118,mycobacterium phage broseidon
1913035,24119,mycobacterium phage amelie
1912978,24128,mycobacterium phage urkel
1912977,24129,mycobacterium phage samuellplaqson
1912976,24130,mycobacterium phage drhayes
1912975,24131,mycobacterium phage darthphader
1906944,25691,mycobacterium phage goldilocks
1897770,26057,mycobacterium phage gruunaga
1897769,26058,mycobacterium phage willsterrel
1897768,26059,mycobacterium phage tyrionl
1897767,26060,mycobacterium phage friarpreacher
1897766,26061,mycobacterium phage dudelittle
1897765,26062,mycobacterium phage derpp
1897764,26063,mycobacterium phage charliegbrown
1897552,26094,mycobacterium phage iridoclysis
1897551,26095,rhodococcus phage harlequin
1897550,26096,mycobacterium phage terror
1897549,26097,mycobacterium phage taheera
1897548,26098,mycobacterium phage stasia
1897547,26099,mycobacterium phage nazo
1897546,26100,mycobacterium phage lindnt
1897545,26101,mycobacterium phage kalpine
1897544,26102,mycobacterium phage isiphiwo
1897543,26103,mycobacterium phage pomar16
1897542,26104,mycobacterium phage pacerpaul
1897541,26105,rhodococcus phage natosaleda
1897540,26106,mycobacterium phage mundrea
1897528,26116,mycobacterium phage lego3393
1897523,26121,mycobacterium phage louie6
1897518,26123,mycobacterium phage waterfoul
1897517,26124,mycobacterium phage hortumsl17
1897516,26125,mycobacterium phage hedwigodu
1897507,26127,mycobacterium phage wilder
1897506,26128,mycobacterium phage zakai
1897505,26129,mycobacterium phage pharsalus
1897504,26130,mycobacterium phage roosevelt
1897503,26131,mycobacterium phage jerm
1897501,26133,mycobacterium phage kersh
1897500,26134,mycobacterium phage taquito
1897499,26135,mycobacterium phage cocoaberry
1897498,26136,mycobacterium phage zombie
1897497,26137,mycobacterium phage tortellini
1897496,26138,mycobacterium phage margo
1897491,26140,mycobacterium phage mitkao
1897490,26141,mycobacterium phage todacoro
1897489,26142,mycobacterium phage watson
1897487,26143,mycobacterium phage phaeder
1897486,26144,mycobacterium phage babyray
1897484,26145,mycobacterium phage qobbit
1897483,26146,mycobacterium phage florean
1897482,26147,mycobacterium phage mana
1897480,26148,mycobacterium phage daffy
1897479,26149,mycobacterium phage held
1897449,26150,mycobacterium phage cactusrose
1897448,26151,mycobacterium phage baehexic
1897445,26152,mycobacterium phage marcoliusprime
1897442,26154,rhodococcus phage yogi
1897441,26155,rhodococcus phage partridge
1897440,26156,mycobacterium phage kerberos
1897439,26157,mycobacterium phage jaan
1897438,26158,mycobacterium phage phancyphin
1897437,26159,rhodococcus phage weasels2
1897435,26161,mycobacterium phage gabriel
1897433,26163,mycobacterium phage yucca
1897432,26164,mycobacterium phage erdmann
1897426,26169,mycobacterium phage pinkman
1897425,26170,mycobacterium phage bigfoot
1897424,26171,mycobacterium phage tbond007
1891963,26659,mycobacterium phage gengar
1891703,26725,mycobacterium phage tonenili
1887657,26848,rhodococcus phage chewyviii
1887656,26849,gordonia phage zirinka,VHostDB
1887655,26850,gordonia phage twister6,VHostDB
1887654,26851,gordonia phage terapin,VHostDB
1887653,26852,gordonia phage strosahl
1887652,26853,gordonia phage remus,VHostDB
1887651,26854,gordonia phage nyceirae,VHostDB
1887650,26855,gordonia phage jumbo,VHostDB
1887649,26856,gordonia phage jswag,VHostDB
1887648,26857,gordonia phage hedwig,VHostDB
1887647,26858,gordonia phage ghobes,VHostDB
1887646,26859,gordonia phage eyre,VHostDB
1887645,26860,gordonia phage cucurbita,VHostDB
1887644,26861,gordonia phage carolann,VHostDB
1887643,26862,gordonia phage captainkirk2,VHostDB
1887642,26863,gordonia phage batstarr
1887641,26864,gordonia phage bantam,VHostDB
1882465,28041,mycobacterium phage jane
1882439,28042,mycobacterium phage fortunato
1881141,28417,mycobacterium phage magnito
1881140,28418,mycobacterium phage badger
1881139,28419,mycobacterium phage littleguy
1874015,28565,mycobacterium phage laurie
1873989,28578,mycobacterium phage tonetone
1873950,28583,mycobacterium phage penny1
1873903,28587,mycobacterium phage bircsak
1873895,28589,mycobacterium phage gompeii16,VHostDB
1873892,28591,mycobacterium phage buzzbuzz
1873891,28592,mycobacterium phage papez
1873890,28593,mycobacterium phage phatcats2014
1873889,28594,mycobacterium phage makemake
1873888,28595,mycobacterium phage littleton
1873887,28596,mycobacterium phage sneeze
1873697,28602,mycobacterium phage aglet
1873696,28603,mycobacterium phage gardann,VHostDB
1873449,28610,mycobacterium phage wilbur
1872689,28666,mycobacterium phage bruceb
1852567,30879,mycobacterium phage gattaca
1838084,31798,gordonia phage woes,VHostDB
1838083,31799,gordonia phage wizard,VHostDB
1838082,31800,gordonia phage vendetta,VHostDB
1838081,31801,gordonia phage utz,VHostDB
1838080,31802,gordonia phage splinter,VHostDB
1838079,31803,gordonia phage soups,VHostDB
1838078,31804,gordonia phage smoothie,VHostDB
1838077,31805,gordonia phage rosalind,VHostDB
1838076,31806,gordonia phage patrickstar
1838075,31807,gordonia phage orchid,VHostDB
1838074,31808,gordonia phage oneup,VHostDB
1838073,31809,gordonia phage monty,VHostDB
1838072,31810,gordonia phage mcgonagall,VHostDB
1838071,31811,gordonia phage kvothe,VHostDB
1838070,31812,gordonia phage katherineg,VHostDB
1838069,31813,gordonia phage kampe
1838068,31814,gordonia phage jeanie
1838067,31815,gordonia phage demosthenes,VHostDB
1838066,31816,gordonia phage cozz,VHostDB
1838065,31817,gordonia phage clubl,VHostDB
1838064,31818,gordonia phage britbrat,VHostDB
1838063,31819,gordonia phage bowser,VHostDB
1838062,31820,gordonia phage blueberry,VHostDB
1838061,31821,gordonia phage bachita,VHostDB
1837841,31837,mycobacterium phage loadrie
1821727,33198,mycobacterium phage shipwreck
1821726,33199,mycobacterium phage kazan
1821725,33200,mycobacterium phage holli
1821724,33201,mycobacterium phage hercules11
1821723,33202,mycobacterium phage evilgenius
1821722,33203,mycobacterium phage chipmunk
1821721,33204,mycobacterium phage burger
1821720,33205,mycobacterium phage malinsilva
1821566,33206,gordonia phage yvonnetastic,VHostDB
1821565,33207,gordonia phage yeezy,VHostDB
1821564,33208,gordonia phage vivi2,VHostDB
1821563,33209,gordonia phage umathurman,VHostDB
1821562,33210,gordonia phage soilassassin,VHostDB
1821561,33211,gordonia phage schwabeltier,VHostDB
1821560,33212,gordonia phage phinally,VHostDB
1821559,33213,gordonia phage obliviate,VHostDB
1821558,33214,gordonia phage nymphadora,VHostDB
1821557,33215,gordonia phage lucky10,VHostDB
1821556,33216,gordonia phage kita,VHostDB
1821555,33217,gordonia phage katyusha
1821554,33218,gordonia phage hotorobo,VHostDB
1821553,33219,gordonia phage guacamole,VHostDB
1821552,33220,gordonia phage emalyn,VHostDB
1821551,33221,gordonia phage betterkatz,VHostDB
1821550,33222,gordonia phage benczkowski14
1821549,33223,gordonia phage baxterfox,VHostDB
1821548,33224,gordonia phage attis
1821541,33226,mycobacterium phage phrann
1821540,33227,mycobacterium phage pipsqueaks
1821539,33228,mycobacterium phage skinnypete
1821538,33229,mycobacterium phage xeno
1821537,33230,mycobacterium phage panchino
1821279,33231,mycobacterium phage xerxes
1821221,33235,mycobacterium phage eidsmoe
1818374,33454,mycobacterium phage romney
1818107,33455,mycobacterium phage potter
1815972,33581,mycobacterium phage archernm
1815969,33582,mycobacterium phage loser
1815609,33589,mycobacterium phage teardropmsu
1815608,33590,mycobacterium phage brocalys
1805460,34148,mycobacterium phage mcfly
1805459,34149,mycobacterium phage mulciber
1805458,34150,mycobacterium phage myxus
1805457,34151,mycobacterium phage bipper
1792253,34996,mycobacterium phage catalina
1792228,34999,mycobacterium phage marie
1792149,35001,mycobacterium phage dynamix
1784956,35920,mycobacterium phage bactobuster
1784939,35928,mycobacterium phage glass
1784843,35929,mycobacterium phage weiss13
1777062,36419,mycobacterium phage nasiatalie
1777061,36420,gordonia phage howe
1777060,36421,mycobacterium phage mkalimitinis3
1777058,36423,mycobacterium phage jencasna
1755681,39050,mycobacterium phage iracema64
1755671,39053,rhodococcus phage lillie
1747281,39606,rhodococcus phage twamp
1739967,39903,mycobacterium phage cabrinians
1739966,39904,mycobacterium phage sparkdehlily
1735466,40197,mycobacterium phage pepe
1718601,42274,mycobacterium phage bricole
1718600,42275,mycobacterium phage mufasa
1718599,42276,mycobacterium phage archie
1718177,42296,mycobacterium phage caelakin
1718175,42297,mycobacterium phage squid
1718174,42298,mycobacterium phage evanesce
1718172,42299,mycobacterium phage theia
1718171,42300,mycobacterium phage pari
1718166,42301,mycobacterium phage ladybird
1701854,43819,mycobacterium phage wooldri
1701853,43820,mycobacterium phage serenity
1701852,43821,mycobacterium phage lumos
1701851,43822,rhodococcus phage cosmicsans,VHostDB
1701849,43824,mycobacterium phage turj99
1701847,43826,mycobacterium phage ukulele
1701845,43828,mycobacterium phage theloniousmonk
1701803,43870,mycobacterium phage tres
1701802,43871,mycobacterium phage erniej
1701801,43872,mycobacterium phage annihilator
1701800,43873,mycobacterium phage dtdevon
1701799,43874,mycobacterium phage maverick
1700839,44018,rhodococcus phage rhodalysa
1700833,44019,mycobacterium phage hetaeria
1698716,44191,mycobacterium phage zakhe101
1698715,44192,mycobacterium phage xfactor
1698714,44193,mycobacterium phage snenia
1698713,44194,mycobacterium phage seagreen
1698712,44195,mycobacterium phage poptart
1698711,44196,mycobacterium phage lolly9
1698710,44197,mycobacterium phage hyro
1698709,44198,mycobacterium phage enkosi
1698441,44205,mycobacterium phage rufus
1698440,44206,mycobacterium phage slarp
1698420,44210,mycobacterium phage tasp14
1698419,44211,mycobacterium phage texage
1698417,44212,mycobacterium phage pioneer
1698367,44214,mycobacterium phage obupride
1698366,44215,mycobacterium phage chadwick
1698365,44216,mycobacterium phage frosty24
1698364,44217,mycobacterium phage cedasite
1698359,44222,mycobacterium phage phreak
1698358,44223,mycobacterium phage brusacoram
1698357,44224,mycobacterium phage dante
1698356,44225,mycobacterium phage phatniss
1698254,44252,mycobacterium phage dahudson
1698253,44253,mycobacterium phage zeenon
1698252,44254,mycobacterium phage browncna
1690684,44641,mycobacterium phage phlei,VHostDB
1679530,45300,mycobacterium phage nelitzamv
1679527,45301,mycobacterium phage kinbote
1679524,45302,mycobacterium phage dusk
1675555,45670,mycobacterium phage quico,VHostDB
1675554,45671,mycobacterium phage pops,VHostDB
1675553,45672,mycobacterium phage nhonho,VHostDB
1675552,45673,mycobacterium phage madruga
1675551,45674,mycobacterium phage godines
1675550,45675,mycobacterium phage girafales
1675549,45676,mycobacterium phage florinda,VHostDB
1675548,45677,mycobacterium phage barriga,VHostDB
1673889,45730,mycobacterium phage ovechkin
1673886,45732,mycobacterium phage apizium
1673885,45733,mycobacterium phage phamished
1673876,45737,mycobacterium phage unionjack,VHostDB
1673875,45738,mycobacterium phage nosleep
1673873,45740,mycobacterium phage smeadley
1662284,46441,mycobacterium phage kimberlium
1647476,48288,tsukamurella phage tpa4,VHostDB
1647475,48289,gordonia phage gte8,VHostDB
1647474,48290,gordonia phage gte6,VHostDB
1647473,48291,gordonia phage gru3,VHostDB
1647472,48292,gordonia phage gma5,VHostDB
1647471,48293,gordonia phage gma4,VHostDB
1647470,48294,gordonia phage gma1,VHostDB
1647469,48295,gordonia phage gal1,VHostDB
1647313,48352,mycobacterium phage shedlockholmes
1647312,48353,mycobacterium phage corofin
1647311,48354,mycobacterium phage mindy
1647310,48355,mycobacterium phage orangeoswald
1647309,48356,mycobacterium phage moorethemaryer
1647308,48357,mycobacterium phage nerujay
1647307,48358,mycobacterium phage alangrant
1647306,48359,mycobacterium phage baee
1647305,48360,mycobacterium phage cambiare
1647304,48361,mycobacterium phage flagstaff
1647303,48362,mycobacterium phage momo
1647302,48363,mycobacterium phage phayonce
1647301,48364,mycobacterium phage vincenzo
1647300,48365,mycobacterium phage luchador
1647286,48366,gordonia phage gma7,VHostDB
1647285,48367,gordonia phage gma6,VHostDB
1647284,48368,gordonia phage gma3,VHostDB
1647283,48369,gordonia phage gma2
1640883,49027,mycobacterium phage pdrpxv
1640882,49028,mycobacterium phage pdrpv
1636547,49734,tsukamurella phage tin4
1636546,49735,tsukamurella phage tin3,VHostDB
1636545,49736,tsukamurella phage tin2,VHostDB
1636544,49737,skermania phage spi1
1622193,50265,gordonia phage gsput1,VHostDB
1622192,50266,gordonia phage gordtnk2,VHostDB
1622191,50267,gordonia phage gordduk1,VHostDB
1622190,50268,gordonia phage gmala1,VHostDB
1606763,53324,mycobacterium phage kratio
1606762,53325,mycobacterium phage gomashi
1589274,58579,mycobacterium phage sheen
1567483,61418,mycobacterium phage hamslice,VHostDB
1567479,61419,mycobacterium phage treddle
1567478,61420,mycobacterium phage thor
1567477,61421,mycobacterium phage taurus
1567476,61422,mycobacterium phage sigman
1567475,61423,mycobacterium phage sbash
1567474,61424,mycobacterium phage pipsqueak
1567473,61425,mycobacterium phage milly
1567472,61426,mycobacterium phage malithi
1567471,61427,mycobacterium phage keshu
1567470,61428,mycobacterium phage gadost
1567469,61429,mycobacterium phage fluffyninja
1567468,61430,mycobacterium phage edtherson
1567467,61431,mycobacterium phage cosmo
1567466,61432,mycobacterium phage alvin
1567465,61433,mycobacterium phage chandler
1567452,61435,mycobacterium phage spike509
1567451,61436,mycobacterium phage phoxy
1567005,61460,mycobacterium phage miazeal
1566994,61463,mycobacterium phage zygotaiga
1560286,62344,mycobacterium phage murucutumbu
1560285,62345,mycobacterium phage larenn
1556289,62382,mycobacterium phage captaintrips
1555235,62384,mycobacterium phage sweetiepie
1555234,62385,mycobacterium phage ronraygun
1555233,62386,mycobacterium phage carcharodon
1555201,62390,mycobacterium phage equemioh13
1552733,62550,mycobacterium phage power
1551711,62611,mycobacterium phage bipolar
1551710,62612,mycobacterium phage abrogate
1551642,62614,mycobacterium phage quinnkiro
1542912,62996,mycobacterium phage vohminghazi
1541886,63063,mycobacterium phage lasso
1541824,63078,mycobacterium phage ariel
1541823,63079,mycobacterium phage llama,VHostDB
1541820,63081,mycobacterium phage zonia
1541819,63082,mycobacterium phage omnicron
1536603,63731,mycobacterium phage estave1
1536599,63732,mycobacterium phage vivaldi
1536598,63733,mycobacterium phage buzzlyseyear
1527580,64141,mycobacterium phage inventum
1527536,64142,mycobacterium phage trike
1527535,64143,mycobacterium phage tiffany,VHostDB
1527534,64144,mycobacterium phage swirley
1527533,64145,mycobacterium phage lizlemon
1527520,64151,mycobacterium phage piro94
1527517,64153,mycobacterium phage farber
1527516,64154,mycobacterium phage marquardt
1527513,64157,mycobacterium phage minerva
1527512,64158,mycobacterium phage squirty
1527511,64159,mycobacterium phage hades
1527494,64176,mycobacterium phage eremos
1527493,64177,mycobacterium phage sparky
1527463,64202,mycobacterium phage cerasum
1506716,66988,mycobacterium phage cheetobro
1505226,67236,mycobacterium phage yungjamal
1498204,67851,mycobacterium phage pinto
1498190,67852,mycobacterium phage guo1,VHostDB
1486474,68570,mycobacterium phage zapner
1486473,68571,mycobacterium phage okiroe
1486472,68572,mycobacterium phage gaia
1486471,68573,mycobacterium phage emptee
1486470,68574,mycobacterium phage emerson
1486469,68575,mycobacterium phage damien
1486427,68579,mycobacterium phage zoej
1486426,68580,mycobacterium phage phantastic
1486425,68581,mycobacterium phage kampy
1486424,68582,mycobacterium phage bernal13
1486404,68589,mycobacterium phage willis
1486403,68590,mycobacterium phage manad
1471544,69952,mycobacterium phage kingveveve
1471543,69953,mycobacterium phage hh92
1471542,69954,mycobacterium phage mosmoris
1468169,70979,mycobacterium phage lamina13
1463812,71037,mycobacterium phage jolie1
1463811,71038,mycobacterium phage hosp
1463810,71039,mycobacterium phage 40bc
1463809,71040,mycobacterium phage 39hc
1458846,72120,mycobacterium phage rhyno
1458841,72123,mycobacterium phage crb1,VHostDB
1458831,72124,mycobacterium phage jolie2
1458726,72125,mycobacterium phage 20es,VHostDB
1458725,72126,mycobacterium phage soto
1458724,72127,mycobacterium phage alsfro
1458717,72128,mycobacterium phage 40ac
1458715,72130,mycobacterium phage swish
1458714,72131,mycobacterium phage seabiscuit
1458713,72132,mycobacterium phage numberten
1458712,72133,mycobacterium phage heathcliff
1458711,72134,mycobacterium phage hawkeye
1458710,72135,mycobacterium phage badfish
1458709,72136,mycobacterium phage audrey
1453337,72889,mycobacterium phage adler f1725,VHostDB
1445729,73380,mycobacterium phage 32hc
1445728,73381,mycobacterium phage saal
1445727,73382,mycobacterium phage oaker
1445726,73383,mycobacterium phage michellemybell
1445715,73384,mycobacterium phage obama12
1445714,73385,mycobacterium phage nyxis
1437839,74033,mycobacterium phage echild
1434750,74160,nocardia phage noc3
1434749,74161,nocardia phage noc2
1434748,74162,nocardia phage noc1
1430411,74597,mycobacterium phage hufflypuff
1429913,74604,mycobacterium phage mosby
1429912,74605,mycobacterium phage jovo
1429905,74606,mycobacterium phage jamal
1429904,74607,mycobacterium phage hanshotfirst
1429903,74608,mycobacterium phage bernardo
1429793,74631,mycobacterium phage donovan
1429792,74632,mycobacterium phage melvin
1429791,74633,mycobacterium phage bellusterra
1429759,74641,mycobacterium phage eagleeye
1414748,76223,mycobacterium phage suffolk
1414747,76224,mycobacterium phage validus
1391433,78057,mycobacterium phage zaka
1391432,78058,mycobacterium phage graduation
1391431,78059,mycobacterium phage conspiracy
1391430,78060,mycobacterium phage cloudwang3
1391429,78061,mycobacterium phage artemis2ucla
1391181,78070,mycobacterium phage phatbacter
1391180,78071,mycobacterium phage nala
1391179,78072,mycobacterium phage bruin
1383059,78651,mycobacterium phage adzzy
1383057,78652,mycobacterium phage goku
1383056,78653,mycobacterium phage papyrus
1383055,78654,mycobacterium phage phelemich
1383054,78655,mycobacterium phage wheeler
1358124,79509,mycobacterium phage abcat
1357669,79541,mycobacterium phage drdrey
1354514,79737,mycobacterium phage quink
1354513,79738,mycobacterium phage sargentshorty9
1354512,79739,mycobacterium phage phrostymug
1354511,79740,mycobacterium phage anubis
1354510,79741,mycobacterium phage fredward
1354509,79742,mycobacterium phage bane2
1354508,79743,mycobacterium phage bane1
1354507,79744,mycobacterium phage adawi
1340836,81558,mycobacterium phage crossroads,VHostDB
1340835,81559,mycobacterium phage shrimp
1340834,81560,mycobacterium phage medusa
1340833,81561,mycobacterium phage contagion
1340831,81562,mycobacterium phage dylan,VHostDB
1340830,81563,mycobacterium phage kayacho,VHostDB
1340829,81564,mycobacterium phage muddy,VHostDB
1340828,81565,mycobacterium phage reprobate,VHostDB
1340827,81566,mycobacterium phage sarfire,VHostDB
1340826,81567,mycobacterium phage whirlwind,VHostDB
1340825,81568,mycobacterium phage trouble,VHostDB
1340824,81569,mycobacterium phage hamulus,VHostDB
1340822,81570,mycobacterium phage daenerys
1340821,81571,mycobacterium phage velveteen
1340820,81572,mycobacterium phage jabbawokkie
1340819,81573,mycobacterium phage catdawg
1340818,81574,mycobacterium phage littlecherry
1340713,81593,mycobacterium phage wanda
1340712,81594,mycobacterium phage breeniome
1340711,81595,mycobacterium phage odin
1340709,81596,mycobacterium phage redno2
1340708,81597,mycobacterium phage bobi
1327959,83102,mycobacterium phage adler,VHostDB
1327955,83104,mycobacterium phage clark
1327953,83105,mycobacterium phage sedge
1327952,83106,mycobacterium phage leo,VHostDB
1327951,83107,mycobacterium phage legendre
1327950,83108,mycobacterium phage dnaiii,VHostDB
1327949,83109,mycobacterium phage bo4,VHostDB
1327948,83110,mycobacterium phage chy5,VHostDB
1327947,83111,mycobacterium phage chy4,VHostDB
1327946,83112,mycobacterium phage chy3
1327945,83113,mycobacterium phage chy2
1327944,83114,mycobacterium phage 33d
1327939,83118,mycobacterium phage murphy
1327938,83119,mycobacterium phage archers7
1327937,83120,mycobacterium phage phaux
1327936,83121,mycobacterium phage gizmo
1327779,83124,mycobacterium phage methuselah
1327778,83125,mycobacterium phage winky
1327777,83126,mycobacterium phage sisi
1327776,83127,mycobacterium phage severus
1327775,83128,mycobacterium phage sdcharge11
1327774,83129,mycobacterium phage phrux
1327773,83130,mycobacterium phage pattyp
1327772,83131,mycobacterium phage jobu08
1327771,83132,mycobacterium phage job42
1327770,83133,mycobacterium phage hinder
1327769,83134,mycobacterium phage dhanush
1327766,83137,mycobacterium phage newman
1327765,83138,mycobacterium phage fishburne
1327764,83139,mycobacterium phage dumbo
1327763,83140,mycobacterium phage breezona
1327762,83141,mycobacterium phage astraea
1327036,83146,mycobacterium phage wivsmall
1327035,83147,mycobacterium phage casbig
1325953,83788,mycobacterium phage pegleg
1305710,87161,mycobacterium phage vb_maps_ff47,VHostDB
1296647,88614,mycobacterium phage shival
1296646,88615,mycobacterium phage butters
1262532,92874,mycobacterium phage btcu-1,VHostDB
1245814,94090,mycobacterium phage first,VHostDB
1235694,95190,mycobacterium phage serpentine
1235693,95191,mycobacterium phage piglet
1235692,95192,mycobacterium phage nacho
1235691,95193,mycobacterium phage gyarad
1235690,95194,mycobacterium phage alex
1225862,96677,mycobacterium virus rebeuca
1225861,96678,mycobacterium virus dorothy
1219531,97051,mycobacterium phage chy1
1211284,97861,mycobacterium phage sabertooth
1211283,97862,mycobacterium virus marcell
1211281,97864,mycobacterium virus arturo
1204515,99194,mycobacterium phage taj
1195075,100681,mycobacterium virus astro
1195070,100686,mycobacterium virus macncheese
1194642,100690,mycobacterium virus nepal
1176426,102024,mycobacterium phage ava3
1176425,102025,mycobacterium phage icleared
1175504,102160,mycobacterium phage swu1
1168595,102990,mycobacterium phage aeneas
1168594,102991,mycobacterium virus avani
1168593,102992,mycobacterium phage flux
1161934,103530,mycobacterium phage tiger
1161933,103531,mycobacterium phage twister
1147141,104938,mycobacterium phage spartacus
1131256,107309,mycobacterium phage fezzik
1109717,108792,rhodococcus phage rrh1,VHostDB
1109716,108793,rhodococcus virus rgl3,VHostDB
1109715,108794,rhodococcus phage rer2,VHostDB
1109714,108795,rhodococcus phage req3,VHostDB
1109713,108796,rhodococcus phage req2,VHostDB
1109712,108797,rhodococcus phage req1,VHostDB
1109711,108798,nocardia phage nbr1,VHostDB
1109710,108799,gordonia phage gru1,VHostDB
1100814,109032,gordonia phage gte7,VHostDB
1097754,109213,mycobacterium virus saintus
1097753,109214,mycobacterium virus fionnbarth
1097752,109215,mycobacterium virus dotproduct
1089137,111364,mycobacterium phage stinger
1089136,111365,mycobacterium phage jacattac
1089135,111366,mycobacterium virus firecracker
1089133,111367,mycobacterium phage threeoh3d2
1089132,111368,mycobacterium virus sg4
1089131,111369,mycobacterium phage pio
1089130,111370,mycobacterium phage nova
1089129,111371,mycobacterium virus lhtscc
1089128,111372,mycobacterium virus kugel
1089127,111373,mycobacterium phage kikipoo
1089126,111374,mycobacterium phage kamiyu
1089125,111375,mycobacterium virus jeffabunny
1089124,111376,mycobacterium phage isaaceli
1089123,111377,mycobacterium phage hedgerow
1089122,111378,mycobacterium phage gadjet
1089121,111379,mycobacterium phage dori
1089120,111380,mycobacterium virus deadp
1089119,111381,mycobacterium virus courthouse
1089118,111382,mycobacterium virus bruns
1089117,111383,mycobacterium phage blue7
1089116,111384,mycobacterium virus billknuckles
1089115,111385,mycobacterium virus babsiella
1089114,111386,mycobacterium phage avrafan
1089113,111387,mycobacterium phage athena
1089112,111388,mycobacterium phage ares
1089110,111390,mycobacterium phage akoma
1089108,111391,mycobacterium phage vista
1089107,111392,mycobacterium phage tallgrassmm
1088867,111395,mycobacterium phage wally
1088866,111396,mycobacterium phage nappy
1088865,111397,mycobacterium phage momomixon
1088864,111398,mycobacterium phage bongo
1086800,111687,mycobacterium phage violet
1086751,111688,mycobacterium virus rumpelstiltskin
1086749,111689,mycobacterium phage dreamboat
1084722,111746,mycobacterium phage barrelroll
1084721,111747,mycobacterium phage morgushi
1084720,111748,mycobacterium phage murdoc
1079896,111967,mycobacterium phage arbiter
1079895,111968,mycobacterium phage pleione
1079894,111969,mycobacterium phage redi
1076631,112244,mycobacterium phage jebeks
1076630,112245,mycobacterium phage annal29
1076136,112306,mycobacterium virus perseus
1074829,112392,mycobacterium phage tirotheta9
1074309,112498,mycobacterium phage bignuz
1074308,112499,mycobacterium phage patience
1074307,112500,mycobacterium phage linstu
1074306,112501,mycobacterium virus eureka
1074305,112502,mycobacterium phage dandelion
1074304,112503,mycobacterium virus liefie
1074303,112504,mycobacterium virus drago
1071506,112793,mycobacterium phage ridgecb
1071505,112794,mycobacterium virus gumbie
1071504,112795,mycobacterium phage turbido
1071503,112796,mycobacterium phage trixie
1071502,112797,mycobacterium virus cuco
1070990,112910,mycobacterium phage lilac
1070989,112911,mycobacterium phage elph10
1056833,113345,mycobacterium phage wile
1056832,113346,mycobacterium phage meezee
1056831,113347,mycobacterium virus larva
1056830,113348,mycobacterium phage charlie
1052673,113904,mycobacterium phage thibault
1052672,113905,mycobacterium phage sebata
1052671,113906,mycobacterium phage oline
1051143,114275,mycobacterium virus jaws
1051138,114277,mycobacterium virus doom
1041808,115184,mycobacterium phage airmid
1041807,115185,mycobacterium virus benedict
1041406,115241,mycobacterium virus ericb
1036616,115849,mycobacterium phage shilan
1036615,115850,mycobacterium phage shauna1
1036614,115851,mycobacterium virus mutaforma13
1036613,115852,mycobacterium virus mrgordo
1035485,115978,mycobacterium phage toto
1035484,115979,mycobacterium phage serendipity
1035483,115980,mycobacterium phage rakim
1035482,115981,mycobacterium phage osmaximus
1034152,116132,mycobacterium virus anaya
1034151,116133,mycobacterium phage zemanar
1034150,116134,mycobacterium virus yoshi
1034149,116135,mycobacterium phage vortex
1034148,116136,mycobacterium phage vix
1034147,116137,mycobacterium phage upie
1034146,116138,mycobacterium phage send513
1034145,116139,mycobacterium virus rockyhorror
1034144,116140,mycobacterium phage rockstar
1034143,116141,mycobacterium phage phipps
1034142,116142,mycobacterium virus packman
1034141,116143,mycobacterium phage oosterbaan
1034140,116144,mycobacterium virus microwolf
1034139,116145,mycobacterium phage marvin
1034138,116146,mycobacterium phage klucky39
1034137,116147,mycobacterium virus joedirt
1034136,116148,mycobacterium virus jhc117
1034135,116149,mycobacterium virus gladiator
1034134,116150,mycobacterium phage ghost
1034133,116151,mycobacterium virus george
1034132,116152,mycobacterium phage drazdys
1034131,116153,mycobacterium phage daisy
1034130,116154,mycobacterium phage chrisnmich
1034129,116155,mycobacterium virus backyardigan
1034128,116156,mycobacterium phage alice
1034127,116157,mycobacterium phage adephagia
1034126,116158,mycobacterium phage abu
1034125,116159,mycobacterium virus faith1
1034124,116160,mycobacterium phage shaka
1034119,116161,mycobacterium phage yoshand
1034118,116162,mycobacterium phage switzer
1034117,116163,mycobacterium phage sirharley
1034116,116164,mycobacterium phage sirduracell
1034115,116165,mycobacterium phage rey
1034114,116166,mycobacterium virus pixie
1034113,116167,mycobacterium virus museum
1034112,116168,mycobacterium virus mozy
1034111,116169,mycobacterium virus littlee
1034110,116170,mycobacterium virus lesedi
1034109,116171,mycobacterium virus kssjeb
1034108,116172,mycobacterium virus jc27
1034107,116173,mycobacterium virus ibhubesi
1034106,116174,mycobacterium phage hertubise
1034105,116175,mycobacterium phage henry
1034104,116176,mycobacterium phage harvey
1034103,116177,mycobacterium virus hammer
1034102,116178,mycobacterium phage davinci
1034101,116179,mycobacterium virus dlane
1034100,116180,mycobacterium virus bask21
1034099,116181,mycobacterium virus baka
1032895,116263,mycobacterium phage timshel
1032894,116264,mycobacterium phage thora
1032893,116265,mycobacterium virus optimus
1032892,116266,mycobacterium virus heldan
1032891,116267,mycobacterium virus bbpiebs31
1007869,117209,rhodococcus phage e3,VHostDB
981330,121272,tsukamurella phage tpa2,VHostDB
981323,121273,gordonia phage gte2,VHostDB
938131,122051,mycobacterium phage wee,VHostDB
927988,122895,mycobacterium virus wonder,VHostDB
861048,128368,mycobacterium phage island3
861047,128369,mycobacterium virus bron
861046,128370,mycobacterium phage eagle
861045,128371,mycobacterium virus crimd
711470,136035,mycobacterium phage redrock,VHostDB
701456,137481,mycobacterium phage skipole
701455,137482,mycobacterium phage scoot17c
701454,137483,mycobacterium phage fang
691966,138454,rhodococcus phage reqidocb7,VHostDB
691965,138455,rhodococcus phage reqipepy6,VHostDB
691964,138456,rhodococcus phage reqipoco6,VHostDB
691963,138457,rhodococcus phage reqipine5,VHostDB
685506,139472,mycobacterium virus ardmore,VHostDB
663560,142993,mycobacterium phage unclehowie,VHostDB
663558,142995,mycobacterium phage puhltonio
663557,142996,mycobacterium virus peaches
663556,142997,mycobacterium phage lrrhood
663555,142998,mycobacterium phage hope
663554,142999,mycobacterium phage et08
663553,143000,mycobacterium phage colbert
649688,145553,mycobacterium phage angel
591487,148696,mycobacterium phage phlyer
563124,151278,mycobacterium phage chah
563123,151279,mycobacterium virus ramsey
563122,151280,mycobacterium virus pacc40
563121,151281,mycobacterium phage konstantine
563119,151282,mycobacterium virus fruitloop
561999,151342,mycobacterium phage troll4
561998,151343,mycobacterium phage gumball
561997,151344,mycobacterium phage butterscotch
561996,151345,mycobacterium virus brujita
555603,151895,mycobacterium phage solon
546808,152748,mycobacterium phage spud
546807,152749,mycobacterium phage scottmcg
546806,152750,mycobacterium phage rizal
546805,152751,mycobacterium phage myrna
546803,152752,mycobacterium phage cali
546185,152904,mycobacterium virus porky
546184,152905,mycobacterium phage phaedrus
546183,152906,mycobacterium virus kostya
546182,152907,mycobacterium virus boomer
543153,153253,mycobacterium phage predator,VHostDB
543152,153254,mycobacterium phage nigel,VHostDB
540068,153668,mycobacterium virus pukovnik
540067,153669,mycobacterium virus lockley
540066,153670,mycobacterium virus kbg
540065,153671,mycobacterium virus jasper
540064,153672,mycobacterium phage dd5
528321,155593,mycobacterium phage adjutor,VHostDB
515982,156421,mycobacterium phage bps,VHostDB
480808,162004,mycobacterium phage giles,VHostDB
439809,167016,mycobacterium phage tweety,VHostDB
406599,170614,rhodococcus phage yp1
406598,170615,rhodococcus phage yf1
384848,172784,corynebacterium phage p1201,VHostDB
373415,174128,mycobacterium phage wildcat,VHostDB
373414,174129,mycobacterium phage qyrzula,VHostDB
373413,174130,mycobacterium phage pipefish,VHostDB
373412,174131,mycobacterium virus pmc,VHostDB
373411,174132,mycobacterium phage plot,VHostDB
373410,174133,mycobacterium phage pbi1,VHostDB
373409,174134,mycobacterium phage orion,VHostDB
373408,174135,mycobacterium virus llij,VHostDB
373407,174136,mycobacterium virus halo,VHostDB
373406,174137,mycobacterium phage cooper,VHostDB
373405,174138,mycobacterium virus che12,VHostDB
373404,174139,mycobacterium phage catera,VHostDB
373403,174140,mycobacterium virus 244,VHostDB
319522,178585,gordonia phage gte5,VHostDB
260121,181412,mycobacterium virus bethlehem
260120,181413,mycobacterium phage u2
233585,182106,mycobacterium phage l1cits391
213236,183218,mycobacterium phage pg1
205880,183501,mycobacterium phage barnyard,VHostDB
205879,183502,mycobacterium virus omega,VHostDB
205877,183503,mycobacterium phage bxz1,VHostDB
205876,183504,mycobacterium virus che9d,VHostDB
205875,183505,mycobacterium virus corndog,VHostDB
205874,183506,mycobacterium phage rosebush,VHostDB
205872,183507,mycobacterium virus che9c,VHostDB
205870,183508,mycobacterium virus bxz2,VHostDB
205869,183509,mycobacterium virus cjw1,VHostDB
205868,183510,mycobacterium virus che8,VHostDB
164125,185321,mycobacterium phage l1
148603,185960,mycobacterium virus bxb1,VHostDB
88870,187599,mycobacterium phage tm4,VHostDB
65388,188158,mycobacterium phage ms6
45764,188802,mycobacterium phage ds6a,VHostDB
31757,189518,mycobacterium virus l5,VHostDB
28369,189743,mycobacterium virus d29,VHostDB
28368,189744,corynebacterium diphtheriae phage
28358,189747,corynebacterium phage bfk20,VHostDB
12388,189889,mycobacterium phage frat1
12335,189912,nocardia phage njl
10733,191036,corynebacterium phage gamma
