2182400,197,microbacterium phage paschalis
2182358,209,microbacterium phage teagan
2182357,210,microbacterium phage squash
2182356,211,microbacterium phage oats
2182355,212,microbacterium phage martin
2182354,213,microbacterium phage hyperion
2182353,214,microbacterium phage gargoyle
2182352,215,microbacterium phage count
2182351,216,microbacterium phage camille
2182350,217,microbacterium phage appa
2182341,224,microbacterium phage hendrix
2126936,575,microbacterium phage teddybear
2126935,576,microbacterium phage robinson
2126934,577,microbacterium phage raptor
2126933,578,microbacterium phage paopu
2126932,579,microbacterium phage nagem
2126931,580,microbacterium phage kieran
2126930,581,microbacterium phage etna
2126929,582,microbacterium phage elva
2126928,583,microbacterium phage didgeridoo
2126927,584,microbacterium phage dave
2126926,585,microbacterium phage burtonthepup
2126925,586,microbacterium phage bonaevitae
2126924,587,microbacterium phage beebee8
2126923,588,microbacterium phage bandik
2126922,589,microbacterium phage antoinette
2126721,620,microbacterium phage triscuit
2099644,979,microbacterium phage bonino
2099627,995,microbacterium phage nattles
2099626,996,microbacterium phage lucky3
2099625,997,microbacterium phage koji
2099624,998,microbacterium phage golden
2099446,1008,microbacterium phage stingray
2099445,1009,microbacterium phage puppyeggo
2099444,1010,microbacterium phage pikmin
2099443,1011,microbacterium phage pajaza
2099442,1012,microbacterium phage casey
2094142,1040,microbacterium phage alexadler
2094132,1050,microbacterium phage gelo
2079592,1162,microbacterium phage tenda
2079591,1163,microbacterium phage superfresh
2079590,1164,microbacterium phage raccoon
2079589,1165,microbacterium phage peppino
2079588,1166,microbacterium phage peep
2079587,1167,microbacterium phage ludgate
2079586,1168,microbacterium phage knox
2079585,1169,microbacterium phage kale
2079584,1170,microbacterium phage ilzat
2079583,1171,microbacterium phage hamlet
2079582,1172,microbacterium phage espinosa
2079581,1173,microbacterium phage eleri
2079580,1174,microbacterium phage balsa
2079579,1175,microbacterium phage baines
2079578,1176,microbacterium phage axipup
2079577,1177,microbacterium phage aubergine
2079347,1235,pontimonas phage phipsal1
2065199,2258,microbacterium phage dismas
2047867,4633,arthrobacter phage urla
2047866,4634,arthrobacter phage megannoll
2047865,4635,arthrobacter phage fluke
2047828,4655,arthrobacter phage waltz
2047760,4664,arthrobacter phage huntingdon
2027888,7507,brevibacterium phage luckybarnes
2027887,7508,arthrobacter phage temper16
2027886,7509,arthrobacter phage nellie
2027885,7510,arthrobacter phage jaycookie
2027884,7511,arthrobacter phage gurgleferb
2027883,7512,arthrobacter phage adat
2024283,8123,arthrobacter phage shade
2024282,8124,arthrobacter phage piccoletto
2024281,8125,arthrobacter phage jordan
2024279,8127,arthrobacter phage tribby
2024278,8128,arthrobacter phage nason
2024277,8129,arthrobacter phage heisenberger
2024276,8130,arthrobacter phage elsa
2024275,8131,arthrobacter phage correa
2024274,8132,arthrobacter phage arcadia
2024007,8257,arthrobacter phage franzy
2024006,8258,arthrobacter phage timinator
2015873,9451,arthrobacter phage wheelbite
2015872,9452,arthrobacter phage tinocrisci
2015871,9453,arthrobacter phage teacup
2015870,9454,arthrobacter phage taj14
2015869,9455,arthrobacter phage swenson
2015868,9456,arthrobacter phage shrooms
2015867,9457,arthrobacter phage seume
2015866,9458,arthrobacter phage pitadog
2015865,9459,arthrobacter phage nubia
2015864,9460,arthrobacter phage nightmare
2015863,9461,arthrobacter phage mariposa
2015862,9462,arthrobacter phage lore
2015861,9463,arthrobacter phage link
2015860,9464,arthrobacter phage lisara
2015859,9465,arthrobacter phage kyliemac
2015858,9466,arthrobacter phage elkhorn
2015857,9467,arthrobacter phage dino
2015856,9468,arthrobacter phage christian
2015855,9469,arthrobacter phage caterpillar
2015854,9470,arthrobacter phage canowicakte
2015853,9471,arthrobacter phage abidatro
2015839,9484,arthrobacter phage molivia
2015838,9485,arthrobacter phage tophat
2015837,9486,arthrobacter phage scavito
2015836,9487,arthrobacter phage rosieposie
2015835,9488,arthrobacter phage kabreeze
2015834,9489,arthrobacter phage colucci
2015816,9507,arthrobacter phage cheesy
2015815,9508,arthrobacter phage beans
2014348,9833,arthrobacter phage elephantman
2014347,9834,arthrobacter phage niktson
1984783,13078,arthrobacter virus arv1
1982567,13357,arthrobacter virus tank
1982238,13478,arthrobacter virus kitkat
1982237,13479,arthrobacter virus kellezzio
1982154,13490,arthrobacter virus gordon
1982153,13491,arthrobacter virus captnmurica
1982105,13503,arthrobacter virus decurro
1982100,13507,arthrobacter virus amigo
1982090,13516,arthrobacter virus mudcat
1982089,13517,arthrobacter virus circum
1982087,13519,arthrobacter virus laroye
1982085,13521,arthrobacter virus wayne
1982084,13522,arthrobacter virus pumancara
1982083,13523,arthrobacter virus preamble
1982082,13524,arthrobacter virus korra
1982081,13525,arthrobacter virus joann
1982080,13526,arthrobacter virus hunterdalle
1982079,13527,arthrobacter virus glenn
1982078,13528,arthrobacter virus drrobert
1982077,13529,arthrobacter virus bennie
1980951,13667,arthrobacter virus sonny
1980950,13668,arthrobacter virus martha
1980949,13669,arthrobacter virus jawnski
1980948,13670,arthrobacter virus brent
1933772,19202,arthrobacter phage chestnut
1913080,24104,arthrobacter phage humptydumpty
1913079,24105,arthrobacter phage edgarpoe
1909694,25272,rathayibacter phage ncppb3778
1907944,25561,arthrobacter phage muttli
1897763,26064,arthrobacter phage rcigastruga
1897762,26065,arthrobacter phage massimo
1897761,26066,arthrobacter phage lucy
1897554,26092,arthrobacter phage vallejo
1897553,26093,arthrobacter phage suppi
1897527,26117,arthrobacter phage chubster
1897526,26118,arthrobacter phage chocolat
1897502,26132,arthrobacter phage prospero
1897429,26167,arthrobacter phage oxynfrius
1897428,26168,arthrobacter phage greenhouse
1874014,28566,arthrobacter phage courtney3
1873902,28588,arthrobacter phage conboy
1796997,34731,arthrobacter phage mudcat,VHostDB
1796996,34732,arthrobacter phage kitkat,VHostDB
1796995,34733,arthrobacter phage kellezio,VHostDB
1796994,34734,arthrobacter phage barretlemon,VHostDB
1772328,37024,arthrobacter phage princesstrina
1772327,37025,arthrobacter phage jawnski
1772326,37026,arthrobacter phage galaxy
1772324,37027,arthrobacter phage yank
1772323,37028,arthrobacter phage wilde
1772322,37029,arthrobacter phage wayne
1772321,37030,arthrobacter phage vulture
1772320,37031,arthrobacter phage toulouse
1772319,37032,arthrobacter phage tank
1772318,37033,arthrobacter phage taeyoung
1772317,37034,arthrobacter phage stratus
1772316,37035,arthrobacter phage sorjuana
1772315,37036,arthrobacter phage sonny
1772314,37037,arthrobacter phage salgado
1772313,37038,arthrobacter phage rings
1772312,37039,arthrobacter phage rap15
1772311,37040,arthrobacter phage pumancara
1772310,37041,arthrobacter phage preamble
1772309,37042,arthrobacter phage muttlie
1772308,37043,arthrobacter phage moloch
1772307,37044,arthrobacter phage martha
1772306,37045,arthrobacter phage maggie
1772305,37046,arthrobacter phage laroye
1772304,37047,arthrobacter phage korra
1772303,37048,arthrobacter phage joann
1772302,37049,arthrobacter phage jasmine
1772301,37050,arthrobacter phage immaculata
1772300,37051,arthrobacter phage hunterdalle
1772299,37052,arthrobacter phage gorgeous
1772298,37053,arthrobacter phage gordon
1772297,37054,arthrobacter phage glenn
1772296,37055,arthrobacter phage drrobert
1772295,37056,arthrobacter phage circum
1772294,37057,arthrobacter phage captnmurica
1772293,37058,arthrobacter phage bennie
1772292,37059,arthrobacter phage anansi
1772291,37060,arthrobacter phage amigo
1735465,40198,arthrobacter phage tymabreu
1701798,43875,arthrobacter phage brent
1698363,44218,arthrobacter phage sandman
1698362,44219,arthrobacter phage jessica
1698361,44220,arthrobacter phage decurro,VHostDB
1566993,61464,arthrobacter phage vb_artm-arv1,VHostDB
1458670,72144,microbacterium phage vb_moxs-isf9,VHostDB
1414742,76225,arthrobacter phage vb_ars-arv2,VHostDB
1406793,76640,clavibacter phage cn1a,VHostDB
981335,121271,tetrasphaera phage tje1,VHostDB
686440,139348,clavibacter phage cn77
686439,139349,clavibacter phage cmp1,VHostDB
446529,166298,microbacterium phage min1,VHostDB
50892,188657,arthrobacter phage phi aau2
