2107712,955,soybean cyst nematode nyami-like virus
2107711,956,soybean cyst nematode bunya-like virus
2107710,957,potato cyst nematode picorna-like virus
1965225,15699,sugar beet cyst nematode virus 1
1958808,17099,sugar beet cyst nematode virus 2
1923777,20892,xinzhou toro-like virus,VHostDB
1923776,20893,xinzhou partiti-like virus 1,VHostDB
1923775,20894,xinzhou nematode virus 7,VHostDB
1923774,20895,xinzhou nematode virus 6
1923773,20896,xinzhou nematode virus 5,VHostDB
1923772,20897,xinzhou nematode virus 4,VHostDB
1923771,20898,xinzhou nematode virus 3,VHostDB
1923770,20899,xinzhou nematode virus 2,VHostDB
1923769,20900,xinzhou nematode virus 1,VHostDB
1923768,20901,xinzhou dimarhabdovirus virus 1,VHostDB
1923765,20904,xingshan nematode virus 6,VHostDB
1923764,20905,xingshan nematode virus 5,VHostDB
1923763,20906,xingshan nematode virus 4,VHostDB
1923762,20907,xingshan nematode virus 3
1923761,20908,xingshan nematode virus 2,VHostDB
1923760,20909,xingshan nematode virus 1,VHostDB
1923759,20910,wuhan spirurian nematodes virus 1,VHostDB
1923741,20928,wuhan large pig roundworm virus 1,VHostDB
1923694,20975,wuhan ascaridia galli virus 1
1923687,20982,wuchan romanomermis nematode virus 3,VHostDB
1923686,20983,wuchan romanomermis nematode virus 2,VHostDB
1923685,20984,wuchan romanomermis nematode virus 1,VHostDB
1923459,21210,shayang ascaridia galli virus 1
1923346,21323,jingmen ascaridia virus 1
1923316,21353,hubei toti-like virus 5,VHostDB
1923300,21369,hubei toti-like virus 12,VHostDB
1923193,21476,hubei rhabdo-like virus 9,VHostDB
1923186,21483,hubei rhabdo-like virus 2,VHostDB
1923091,21578,hubei picorna-like virus 12,VHostDB
1923090,21579,hubei picorna-like virus 11,VHostDB
1923082,21587,hubei permutotetra-like virus 8,VHostDB
1922972,21697,hubei noda-like virus 17,VHostDB
1667232,46074,caenorhabditis brenneri bunyavirus
1495316,68070,soybean cyst nematode virus 5,VHostDB
1241918,94729,le blanc nodavirus,VHostDB
1034379,116119,soybean cyst nematode associated uukuniemi virus
1034378,116120,soybean cyst nematode associated northern cereal mosaic virus
1034377,116121,soybean cyst nematode socyvirus,VHostDB
977913,121444,santeuil nodavirus,VHostDB
977912,121445,orsay virus,VHostDB
279896,180576,maize mosaic nucleorhabdovirus,VHostDB
