1923765,20904,xingshan nematode virus 6,VHostDB
1923764,20905,xingshan nematode virus 5,VHostDB
1923763,20906,xingshan nematode virus 4,VHostDB
1923761,20908,xingshan nematode virus 2,VHostDB
1923760,20909,xingshan nematode virus 1,VHostDB
1923759,20910,wuhan spirurian nematodes virus 1,VHostDB
1923741,20928,wuhan large pig roundworm virus 1,VHostDB
1923694,20975,wuhan ascaridia galli virus 1
1923459,21210,shayang ascaridia galli virus 1
1923346,21323,jingmen ascaridia virus 1
1923316,21353,hubei toti-like virus 5,VHostDB
1923300,21369,hubei toti-like virus 12,VHostDB
1923193,21476,hubei rhabdo-like virus 9,VHostDB
1923186,21483,hubei rhabdo-like virus 2,VHostDB
1923091,21578,hubei picorna-like virus 12,VHostDB
1923090,21579,hubei picorna-like virus 11,VHostDB
1923082,21587,hubei permutotetra-like virus 8,VHostDB
1922972,21697,hubei noda-like virus 17,VHostDB
1667232,46074,caenorhabditis brenneri bunyavirus
1495316,68070,soybean cyst nematode virus 5,VHostDB
1241918,94729,le blanc nodavirus,VHostDB
1034377,116121,soybean cyst nematode socyvirus,VHostDB
977913,121444,santeuil nodavirus,VHostDB
977912,121445,orsay virus,VHostDB
279896,180576,maize mosaic nucleorhabdovirus,VHostDB
